tracker,yolo_model,reid_model,object_count,avg_fps,avg_time_per_frame,min_time_per_frame,max_time_per_frame
strongsort,../tpu_weights/v8/512/yolov8n_full_integer_quant_edgetpu.tflite,osnet_x1_0_market1501.pt,1,4.117074,266.487500,211.1,724.0
strongsort,../tpu_weights/v8/512/yolov8n_full_integer_quant_edgetpu.tflite,osnet_x1_0_market1501.pt,2,2.559538,390.890000,380.8,417.2
strongsort,../tpu_weights/v8/512/yolov8n_full_integer_quant_edgetpu.tflite,osnet_x1_0_market1501.pt,3,1.344654,747.030000,701.1,929.1
strongsort,../tpu_weights/v8/512/yolov8n_full_integer_quant_edgetpu.tflite,osnet_x1_0_market1501.pt,4,1.096363,916.610000,859.6,1107.1
strongsort,../tpu_weights/v8/512/yolov8n_full_integer_quant_edgetpu.tflite,osnet_x1_0_market1501.pt,5,.876237,1142.096428,1084.4,1197.8
strongsort,../tpu_weights/v8/512/yolov8n_full_integer_quant_edgetpu.tflite,osnet_x0_75_market1501.pt,1,4.982738,218.578125,175.1,577.3
strongsort,../tpu_weights/v8/512/yolov8n_full_integer_quant_edgetpu.tflite,osnet_x0_75_market1501.pt,2,3.183633,314.363333,305.9,344.4
strongsort,../tpu_weights/v8/512/yolov8n_full_integer_quant_edgetpu.tflite,osnet_x0_75_market1501.pt,3,1.740439,576.940000,544.7,710.0
strongsort,../tpu_weights/v8/512/yolov8n_full_integer_quant_edgetpu.tflite,osnet_x0_75_market1501.pt,4,1.425286,704.400000,659.0,826.5
strongsort,../tpu_weights/v8/512/yolov8n_full_integer_quant_edgetpu.tflite,osnet_x0_75_market1501.pt,5,1.185534,844.425000,788.1,902.3
strongsort,../tpu_weights/v8/512/yolov8n_full_integer_quant_edgetpu.tflite,osnet_x0_5_market1501.pt,1,6.231765,172.215625,140.5,404.1
strongsort,../tpu_weights/v8/512/yolov8n_full_integer_quant_edgetpu.tflite,osnet_x0_5_market1501.pt,2,4.076392,245.776666,233.0,274.8
strongsort,../tpu_weights/v8/512/yolov8n_full_integer_quant_edgetpu.tflite,osnet_x0_5_market1501.pt,3,2.521399,397.753333,382.7,467.2
strongsort,../tpu_weights/v8/512/yolov8n_full_integer_quant_edgetpu.tflite,osnet_x0_5_market1501.pt,4,2.081342,483.016666,454.9,588.7
strongsort,../tpu_weights/v8/512/yolov8n_full_integer_quant_edgetpu.tflite,osnet_x0_5_market1501.pt,5,1.632333,613.817857,564.4,665.9
strongsort,../tpu_weights/v8/512/yolov8n_full_integer_quant_edgetpu.tflite,osnet_x0_25_market1501.pt,1,8.055383,132.781250,105.2,286.4
strongsort,../tpu_weights/v8/512/yolov8n_full_integer_quant_edgetpu.tflite,osnet_x0_25_market1501.pt,2,5.598372,179.326666,169.5,213.7
strongsort,../tpu_weights/v8/512/yolov8n_full_integer_quant_edgetpu.tflite,osnet_x0_25_market1501.pt,3,4.014817,249.566666,239.0,285.2
strongsort,../tpu_weights/v8/512/yolov8n_full_integer_quant_edgetpu.tflite,osnet_x0_25_market1501.pt,4,3.507492,285.833333,275.1,354.2
strongsort,../tpu_weights/v8/512/yolov8n_full_integer_quant_edgetpu.tflite,osnet_x0_25_market1501.pt,5,2.811144,357.857142,316.0,425.4
strongsort,../tpu_weights/v8/512/yolov8n_full_integer_quant_edgetpu.tflite,lmbn_n_market.pt,1,2.831830,392.728125,310.0,1096.4
strongsort,../tpu_weights/v8/512/yolov8n_full_integer_quant_edgetpu.tflite,lmbn_n_market.pt,2,1.674144,597.813333,568.8,624.0
strongsort,../tpu_weights/v8/512/yolov8n_full_integer_quant_edgetpu.tflite,lmbn_n_market.pt,3,.903668,1110.670000,1052.2,1344.1
strongsort,../tpu_weights/v8/512/yolov8n_full_integer_quant_edgetpu.tflite,lmbn_n_market.pt,4,.748256,1340.820000,1256.4,1565.8
strongsort,../tpu_weights/v8/512/yolov8n_full_integer_quant_edgetpu.tflite,lmbn_n_market.pt,5,.634089,1577.557142,1524.1,1648.0
strongsort,../tpu_weights/v8/512/yolov8n_full_integer_quant_edgetpu.tflite,clip_market1501.pt,1,1.662113,772.500000,538.6,5562.6
strongsort,../tpu_weights/v8/512/yolov8n_full_integer_quant_edgetpu.tflite,clip_market1501.pt,2,1.205224,829.806666,815.8,850.8
strongsort,../tpu_weights/v8/512/yolov8n_full_integer_quant_edgetpu.tflite,clip_market1501.pt,3,.685502,1464.666666,1399.1,1787.7
strongsort,../tpu_weights/v8/512/yolov8n_full_integer_quant_edgetpu.tflite,clip_market1501.pt,4,.558216,1797.623333,1700.0,2092.1
strongsort,../tpu_weights/v8/512/yolov8n_full_integer_quant_edgetpu.tflite,clip_market1501.pt,5,.474502,2107.839285,2055.8,2208.0
strongsort,../tpu_weights/v8/512/yolov8n_full_integer_quant_edgetpu.tflite,osnet_ibn_x1_0_msmt17.pt,1,4.099502,270.518750,215.6,800.0
strongsort,../tpu_weights/v8/512/yolov8n_full_integer_quant_edgetpu.tflite,osnet_ibn_x1_0_msmt17.pt,2,2.549995,392.313333,383.0,421.4
strongsort,../tpu_weights/v8/512/yolov8n_full_integer_quant_edgetpu.tflite,osnet_ibn_x1_0_msmt17.pt,3,1.308180,767.536666,721.1,926.7
strongsort,../tpu_weights/v8/512/yolov8n_full_integer_quant_edgetpu.tflite,osnet_ibn_x1_0_msmt17.pt,4,1.067948,941.596666,886.9,1142.4
strongsort,../tpu_weights/v8/512/yolov8n_full_integer_quant_edgetpu.tflite,osnet_ibn_x1_0_msmt17.pt,5,.856652,1168.085714,1112.0,1215.8
strongsort,../tpu_weights/v8/512/yolov8n_full_integer_quant_edgetpu.tflite,osnet_ain_x1_0_msmt17.pt,1,4.098502,267.843750,212.2,733.5
strongsort,../tpu_weights/v8/512/yolov8n_full_integer_quant_edgetpu.tflite,osnet_ain_x1_0_msmt17.pt,2,2.610832,383.090000,374.7,400.8
strongsort,../tpu_weights/v8/512/yolov8n_full_integer_quant_edgetpu.tflite,osnet_ain_x1_0_msmt17.pt,3,1.335996,752.003333,700.1,914.2
strongsort,../tpu_weights/v8/512/yolov8n_full_integer_quant_edgetpu.tflite,osnet_ain_x1_0_msmt17.pt,4,1.112232,905.333333,854.8,1150.7
strongsort,../tpu_weights/v8/512/yolov8n_full_integer_quant_edgetpu.tflite,osnet_ain_x1_0_msmt17.pt,5,.872871,1146.153571,1091.9,1188.0
strongsort,../tpu_weights/v8/512/yolov8s_full_integer_quant_edgetpu.tflite,osnet_x1_0_market1501.pt,1,3.598506,305.296875,253.4,924.8
strongsort,../tpu_weights/v8/512/yolov8s_full_integer_quant_edgetpu.tflite,osnet_x1_0_market1501.pt,2,2.382089,419.946666,408.6,447.7
strongsort,../tpu_weights/v8/512/yolov8s_full_integer_quant_edgetpu.tflite,osnet_x1_0_market1501.pt,3,1.281374,786.753333,721.9,992.1
strongsort,../tpu_weights/v8/512/yolov8s_full_integer_quant_edgetpu.tflite,osnet_x1_0_market1501.pt,4,1.072956,936.836666,879.6,1139.6
strongsort,../tpu_weights/v8/512/yolov8s_full_integer_quant_edgetpu.tflite,osnet_x1_0_market1501.pt,5,.856728,1169.432142,1084.4,1340.0
strongsort,../tpu_weights/v8/512/yolov8s_full_integer_quant_edgetpu.tflite,osnet_x0_75_market1501.pt,1,4.360953,248.615625,206.8,697.0
strongsort,../tpu_weights/v8/512/yolov8s_full_integer_quant_edgetpu.tflite,osnet_x0_75_market1501.pt,2,3.011256,332.163333,325.9,347.8
strongsort,../tpu_weights/v8/512/yolov8s_full_integer_quant_edgetpu.tflite,osnet_x0_75_market1501.pt,3,1.660946,605.923333,560.9,744.1
strongsort,../tpu_weights/v8/512/yolov8s_full_integer_quant_edgetpu.tflite,osnet_x0_75_market1501.pt,4,1.390763,722.710000,680.9,884.1
strongsort,../tpu_weights/v8/512/yolov8s_full_integer_quant_edgetpu.tflite,osnet_x0_75_market1501.pt,5,1.150723,870.707142,816.3,1031.7
strongsort,../tpu_weights/v8/512/yolov8s_full_integer_quant_edgetpu.tflite,osnet_x0_5_market1501.pt,1,4.937678,213.987500,179.3,486.7
strongsort,../tpu_weights/v8/512/yolov8s_full_integer_quant_edgetpu.tflite,osnet_x0_5_market1501.pt,2,3.785420,264.310000,256.6,286.1
strongsort,../tpu_weights/v8/512/yolov8s_full_integer_quant_edgetpu.tflite,osnet_x0_5_market1501.pt,3,2.359911,425.596666,400.5,492.1
strongsort,../tpu_weights/v8/512/yolov8s_full_integer_quant_edgetpu.tflite,osnet_x0_5_market1501.pt,4,2.006985,499.866666,477.3,598.3
strongsort,../tpu_weights/v8/512/yolov8s_full_integer_quant_edgetpu.tflite,osnet_x0_5_market1501.pt,5,1.536553,651.750000,620.0,740.1
strongsort,../tpu_weights/v8/512/yolov8s_full_integer_quant_edgetpu.tflite,osnet_x0_25_market1501.pt,1,6.485511,160.384375,140.8,307.3
strongsort,../tpu_weights/v8/512/yolov8s_full_integer_quant_edgetpu.tflite,osnet_x0_25_market1501.pt,2,5.187405,192.810000,189.0,200.4
strongsort,../tpu_weights/v8/512/yolov8s_full_integer_quant_edgetpu.tflite,osnet_x0_25_market1501.pt,3,3.632554,275.920000,262.7,303.4
strongsort,../tpu_weights/v8/512/yolov8s_full_integer_quant_edgetpu.tflite,osnet_x0_25_market1501.pt,4,3.269872,306.210000,296.6,340.1
strongsort,../tpu_weights/v8/512/yolov8s_full_integer_quant_edgetpu.tflite,osnet_x0_25_market1501.pt,5,2.544852,394.985714,340.0,444.1
strongsort,../tpu_weights/v8/512/yolov8s_full_integer_quant_edgetpu.tflite,lmbn_n_market.pt,1,2.637863,423.131250,343.8,1264.1
strongsort,../tpu_weights/v8/512/yolov8s_full_integer_quant_edgetpu.tflite,lmbn_n_market.pt,2,1.620014,617.596666,595.7,656.9
strongsort,../tpu_weights/v8/512/yolov8s_full_integer_quant_edgetpu.tflite,lmbn_n_market.pt,3,.884166,1137.066666,1080.0,1344.1
strongsort,../tpu_weights/v8/512/yolov8s_full_integer_quant_edgetpu.tflite,lmbn_n_market.pt,4,.743891,1348.803333,1300.1,1608.1
strongsort,../tpu_weights/v8/512/yolov8s_full_integer_quant_edgetpu.tflite,lmbn_n_market.pt,5,.622014,1609.292857,1540.4,1780.2
strongsort,../tpu_weights/v8/512/yolov8s_full_integer_quant_edgetpu.tflite,clip_market1501.pt,1,1.551811,820.993750,579.3,5582.1
strongsort,../tpu_weights/v8/512/yolov8s_full_integer_quant_edgetpu.tflite,clip_market1501.pt,2,1.160383,861.906666,850.8,902.0
strongsort,../tpu_weights/v8/512/yolov8s_full_integer_quant_edgetpu.tflite,clip_market1501.pt,3,.668412,1505.463333,1418.5,1804.0
strongsort,../tpu_weights/v8/512/yolov8s_full_integer_quant_edgetpu.tflite,clip_market1501.pt,4,.549927,1823.813333,1770.4,2160.0
strongsort,../tpu_weights/v8/512/yolov8s_full_integer_quant_edgetpu.tflite,clip_market1501.pt,5,.465102,2152.917857,2116.0,2452.0
strongsort,../tpu_weights/v8/512/yolov8s_full_integer_quant_edgetpu.tflite,osnet_ibn_x1_0_msmt17.pt,1,3.580754,307.578125,253.0,940.7
strongsort,../tpu_weights/v8/512/yolov8s_full_integer_quant_edgetpu.tflite,osnet_ibn_x1_0_msmt17.pt,2,2.352772,425.163333,415.0,461.2
strongsort,../tpu_weights/v8/512/yolov8s_full_integer_quant_edgetpu.tflite,osnet_ibn_x1_0_msmt17.pt,3,1.237075,813.813333,748.0,997.7
strongsort,../tpu_weights/v8/512/yolov8s_full_integer_quant_edgetpu.tflite,osnet_ibn_x1_0_msmt17.pt,4,1.035530,969.803333,908.4,1164.8
strongsort,../tpu_weights/v8/512/yolov8s_full_integer_quant_edgetpu.tflite,osnet_ibn_x1_0_msmt17.pt,5,.831409,1204.100000,1156.0,1348.1
strongsort,../tpu_weights/v8/512/yolov8s_full_integer_quant_edgetpu.tflite,osnet_ain_x1_0_msmt17.pt,1,3.642694,302.959375,250.4,949.6
strongsort,../tpu_weights/v8/512/yolov8s_full_integer_quant_edgetpu.tflite,osnet_ain_x1_0_msmt17.pt,2,2.461793,406.276666,396.9,419.3
strongsort,../tpu_weights/v8/512/yolov8s_full_integer_quant_edgetpu.tflite,osnet_ain_x1_0_msmt17.pt,3,1.308064,770.066666,702.6,916.5
strongsort,../tpu_weights/v8/512/yolov8s_full_integer_quant_edgetpu.tflite,osnet_ain_x1_0_msmt17.pt,4,1.098805,915.280000,865.1,1144.1
strongsort,../tpu_weights/v8/512/yolov8s_full_integer_quant_edgetpu.tflite,osnet_ain_x1_0_msmt17.pt,5,.875668,1144.007142,1064.3,1288.1
ocsort,../tpu_weights/v8/512/yolov8n_full_integer_quant_edgetpu.tflite,osnet_x1_0_market1501.pt,1,18.439074,54.503030,47.3,76.4
ocsort,../tpu_weights/v8/512/yolov8n_full_integer_quant_edgetpu.tflite,osnet_x1_0_market1501.pt,2,18.501253,54.060000,53.0,55.6
ocsort,../tpu_weights/v8/512/yolov8n_full_integer_quant_edgetpu.tflite,osnet_x1_0_market1501.pt,3,17.933673,55.780000,54.0,56.8
ocsort,../tpu_weights/v8/512/yolov8n_full_integer_quant_edgetpu.tflite,osnet_x1_0_market1501.pt,4,17.558885,56.966666,55.9,58.6
ocsort,../tpu_weights/v8/512/yolov8n_full_integer_quant_edgetpu.tflite,osnet_x1_0_market1501.pt,5,17.455237,57.322222,53.8,58.5
ocsort,../tpu_weights/v8/512/yolov8n_full_integer_quant_edgetpu.tflite,osnet_x0_75_market1501.pt,1,18.447409,54.460606,47.3,76.3
ocsort,../tpu_weights/v8/512/yolov8n_full_integer_quant_edgetpu.tflite,osnet_x0_75_market1501.pt,2,18.466311,54.166666,53.3,55.7
ocsort,../tpu_weights/v8/512/yolov8n_full_integer_quant_edgetpu.tflite,osnet_x0_75_market1501.pt,3,17.892684,55.910000,53.9,61.2
ocsort,../tpu_weights/v8/512/yolov8n_full_integer_quant_edgetpu.tflite,osnet_x0_75_market1501.pt,4,17.637625,56.706666,55.6,58.2
ocsort,../tpu_weights/v8/512/yolov8n_full_integer_quant_edgetpu.tflite,osnet_x0_75_market1501.pt,5,17.365951,57.581481,56.7,59.0
ocsort,../tpu_weights/v8/512/yolov8n_full_integer_quant_edgetpu.tflite,osnet_x0_5_market1501.pt,1,18.433663,54.496969,47.6,76.7
ocsort,../tpu_weights/v8/512/yolov8n_full_integer_quant_edgetpu.tflite,osnet_x0_5_market1501.pt,2,18.496374,54.086666,53.2,56.9
ocsort,../tpu_weights/v8/512/yolov8n_full_integer_quant_edgetpu.tflite,osnet_x0_5_market1501.pt,3,17.902348,55.890000,53.9,59.4
ocsort,../tpu_weights/v8/512/yolov8n_full_integer_quant_edgetpu.tflite,osnet_x0_5_market1501.pt,4,17.611219,56.796666,55.1,58.3
ocsort,../tpu_weights/v8/512/yolov8n_full_integer_quant_edgetpu.tflite,osnet_x0_5_market1501.pt,5,17.416745,57.418518,56.4,58.8
ocsort,../tpu_weights/v8/512/yolov8n_full_integer_quant_edgetpu.tflite,osnet_x0_25_market1501.pt,1,18.405185,54.584848,47.4,76.5
ocsort,../tpu_weights/v8/512/yolov8n_full_integer_quant_edgetpu.tflite,osnet_x0_25_market1501.pt,2,18.462576,54.173333,53.1,55.6
ocsort,../tpu_weights/v8/512/yolov8n_full_integer_quant_edgetpu.tflite,osnet_x0_25_market1501.pt,3,17.898028,55.883333,54.5,57.2
ocsort,../tpu_weights/v8/512/yolov8n_full_integer_quant_edgetpu.tflite,osnet_x0_25_market1501.pt,4,17.535575,57.043333,56.0,58.9
ocsort,../tpu_weights/v8/512/yolov8n_full_integer_quant_edgetpu.tflite,osnet_x0_25_market1501.pt,5,17.298889,57.814814,56.7,58.7
ocsort,../tpu_weights/v8/512/yolov8n_full_integer_quant_edgetpu.tflite,lmbn_n_market.pt,1,18.461500,54.418181,47.6,76.5
ocsort,../tpu_weights/v8/512/yolov8n_full_integer_quant_edgetpu.tflite,lmbn_n_market.pt,2,18.534300,53.970000,53.0,56.1
ocsort,../tpu_weights/v8/512/yolov8n_full_integer_quant_edgetpu.tflite,lmbn_n_market.pt,3,17.917546,55.820000,53.7,56.8
ocsort,../tpu_weights/v8/512/yolov8n_full_integer_quant_edgetpu.tflite,lmbn_n_market.pt,4,17.552945,56.983333,55.9,60.9
ocsort,../tpu_weights/v8/512/yolov8n_full_integer_quant_edgetpu.tflite,lmbn_n_market.pt,5,17.408697,57.451851,56.4,58.4
ocsort,../tpu_weights/v8/512/yolov8n_full_integer_quant_edgetpu.tflite,clip_market1501.pt,1,18.465673,54.384848,47.5,76.4
ocsort,../tpu_weights/v8/512/yolov8n_full_integer_quant_edgetpu.tflite,clip_market1501.pt,2,18.491969,54.080000,53.1,55.9
ocsort,../tpu_weights/v8/512/yolov8n_full_integer_quant_edgetpu.tflite,clip_market1501.pt,3,17.896898,55.880000,54.1,57.2
ocsort,../tpu_weights/v8/512/yolov8n_full_integer_quant_edgetpu.tflite,clip_market1501.pt,4,17.536511,57.033333,55.8,59.8
ocsort,../tpu_weights/v8/512/yolov8n_full_integer_quant_edgetpu.tflite,clip_market1501.pt,5,17.415033,57.433333,56.7,58.4
ocsort,../tpu_weights/v8/512/yolov8n_full_integer_quant_edgetpu.tflite,osnet_ibn_x1_0_msmt17.pt,1,18.421625,54.512121,48.9,76.6
ocsort,../tpu_weights/v8/512/yolov8n_full_integer_quant_edgetpu.tflite,osnet_ibn_x1_0_msmt17.pt,2,18.486031,54.106666,53.1,56.5
ocsort,../tpu_weights/v8/512/yolov8n_full_integer_quant_edgetpu.tflite,osnet_ibn_x1_0_msmt17.pt,3,17.869974,55.980000,53.7,57.2
ocsort,../tpu_weights/v8/512/yolov8n_full_integer_quant_edgetpu.tflite,osnet_ibn_x1_0_msmt17.pt,4,17.565308,56.926666,56.0,58.6
ocsort,../tpu_weights/v8/512/yolov8n_full_integer_quant_edgetpu.tflite,osnet_ibn_x1_0_msmt17.pt,5,17.349155,57.644444,56.8,59.8
ocsort,../tpu_weights/v8/512/yolov8n_full_integer_quant_edgetpu.tflite,osnet_ain_x1_0_msmt17.pt,1,18.442787,54.472727,47.4,77.3
ocsort,../tpu_weights/v8/512/yolov8n_full_integer_quant_edgetpu.tflite,osnet_ain_x1_0_msmt17.pt,2,18.437030,54.253333,53.1,56.6
ocsort,../tpu_weights/v8/512/yolov8n_full_integer_quant_edgetpu.tflite,osnet_ain_x1_0_msmt17.pt,3,17.871185,55.963333,54.5,56.9
ocsort,../tpu_weights/v8/512/yolov8n_full_integer_quant_edgetpu.tflite,osnet_ain_x1_0_msmt17.pt,4,17.486958,57.196666,55.6,58.9
ocsort,../tpu_weights/v8/512/yolov8n_full_integer_quant_edgetpu.tflite,osnet_ain_x1_0_msmt17.pt,5,17.272169,57.907407,56.5,60.9
ocsort,../tpu_weights/v8/512/yolov8s_full_integer_quant_edgetpu.tflite,osnet_x1_0_market1501.pt,1,10.840117,92.636363,83.8,122.2
ocsort,../tpu_weights/v8/512/yolov8s_full_integer_quant_edgetpu.tflite,osnet_x1_0_market1501.pt,2,10.724137,93.473333,88.0,100.0
ocsort,../tpu_weights/v8/512/yolov8s_full_integer_quant_edgetpu.tflite,osnet_x1_0_market1501.pt,3,10.218114,98.033333,92.7,108.0
ocsort,../tpu_weights/v8/512/yolov8s_full_integer_quant_edgetpu.tflite,osnet_x1_0_market1501.pt,4,10.244092,97.816666,90.6,105.1
ocsort,../tpu_weights/v8/512/yolov8s_full_integer_quant_edgetpu.tflite,osnet_x1_0_market1501.pt,5,10.250458,97.825925,91.0,111.7
ocsort,../tpu_weights/v8/512/yolov8s_full_integer_quant_edgetpu.tflite,osnet_x0_75_market1501.pt,1,10.732854,93.618181,83.2,122.5
ocsort,../tpu_weights/v8/512/yolov8s_full_integer_quant_edgetpu.tflite,osnet_x0_75_market1501.pt,2,11.050048,90.676666,86.1,99.5
ocsort,../tpu_weights/v8/512/yolov8s_full_integer_quant_edgetpu.tflite,osnet_x0_75_market1501.pt,3,10.519077,95.456666,87.8,119.5
ocsort,../tpu_weights/v8/512/yolov8s_full_integer_quant_edgetpu.tflite,osnet_x0_75_market1501.pt,4,10.329112,96.966666,90.6,102.1
ocsort,../tpu_weights/v8/512/yolov8s_full_integer_quant_edgetpu.tflite,osnet_x0_75_market1501.pt,5,10.289541,97.425925,88.8,110.3
ocsort,../tpu_weights/v8/512/yolov8s_full_integer_quant_edgetpu.tflite,osnet_x0_5_market1501.pt,1,10.753179,93.409090,82.8,122.0
ocsort,../tpu_weights/v8/512/yolov8s_full_integer_quant_edgetpu.tflite,osnet_x0_5_market1501.pt,2,10.664455,93.990000,87.0,104.8
ocsort,../tpu_weights/v8/512/yolov8s_full_integer_quant_edgetpu.tflite,osnet_x0_5_market1501.pt,3,10.562335,94.826666,90.1,106.3
ocsort,../tpu_weights/v8/512/yolov8s_full_integer_quant_edgetpu.tflite,osnet_x0_5_market1501.pt,4,10.227753,98.090000,90.0,114.6
ocsort,../tpu_weights/v8/512/yolov8s_full_integer_quant_edgetpu.tflite,osnet_x0_5_market1501.pt,5,10.339505,96.937037,89.9,108.0
ocsort,../tpu_weights/v8/512/yolov8s_full_integer_quant_edgetpu.tflite,osnet_x0_25_market1501.pt,1,10.735034,93.587878,83.7,122.6
ocsort,../tpu_weights/v8/512/yolov8s_full_integer_quant_edgetpu.tflite,osnet_x0_25_market1501.pt,2,10.797057,92.843333,86.7,100.0
ocsort,../tpu_weights/v8/512/yolov8s_full_integer_quant_edgetpu.tflite,osnet_x0_25_market1501.pt,3,10.429787,96.130000,88.7,105.7
ocsort,../tpu_weights/v8/512/yolov8s_full_integer_quant_edgetpu.tflite,osnet_x0_25_market1501.pt,4,10.258112,97.693333,88.8,107.8
ocsort,../tpu_weights/v8/512/yolov8s_full_integer_quant_edgetpu.tflite,osnet_x0_25_market1501.pt,5,10.336093,96.948148,88.6,103.9
ocsort,../tpu_weights/v8/512/yolov8s_full_integer_quant_edgetpu.tflite,lmbn_n_market.pt,1,10.825556,92.800000,83.8,122.6
ocsort,../tpu_weights/v8/512/yolov8s_full_integer_quant_edgetpu.tflite,lmbn_n_market.pt,2,10.706693,93.606666,86.6,101.3
ocsort,../tpu_weights/v8/512/yolov8s_full_integer_quant_edgetpu.tflite,lmbn_n_market.pt,3,10.180017,98.443333,91.3,108.0
ocsort,../tpu_weights/v8/512/yolov8s_full_integer_quant_edgetpu.tflite,lmbn_n_market.pt,4,10.259207,97.726666,90.6,112.1
ocsort,../tpu_weights/v8/512/yolov8s_full_integer_quant_edgetpu.tflite,lmbn_n_market.pt,5,10.188739,98.385185,90.8,105.6
ocsort,../tpu_weights/v8/512/yolov8s_full_integer_quant_edgetpu.tflite,clip_market1501.pt,1,10.732837,93.593939,83.6,123.3
ocsort,../tpu_weights/v8/512/yolov8s_full_integer_quant_edgetpu.tflite,clip_market1501.pt,2,10.775188,93.003333,87.9,103.8
ocsort,../tpu_weights/v8/512/yolov8s_full_integer_quant_edgetpu.tflite,clip_market1501.pt,3,10.221628,98.090000,88.4,107.8
ocsort,../tpu_weights/v8/512/yolov8s_full_integer_quant_edgetpu.tflite,clip_market1501.pt,4,10.378087,96.603333,88.9,109.6
ocsort,../tpu_weights/v8/512/yolov8s_full_integer_quant_edgetpu.tflite,clip_market1501.pt,5,10.341990,96.918518,90.6,104.0
ocsort,../tpu_weights/v8/512/yolov8s_full_integer_quant_edgetpu.tflite,osnet_ibn_x1_0_msmt17.pt,1,10.834442,92.757575,83.7,122.6
ocsort,../tpu_weights/v8/512/yolov8s_full_integer_quant_edgetpu.tflite,osnet_ibn_x1_0_msmt17.pt,2,10.857337,92.256666,87.3,99.6
ocsort,../tpu_weights/v8/512/yolov8s_full_integer_quant_edgetpu.tflite,osnet_ibn_x1_0_msmt17.pt,3,10.128577,99.143333,89.1,112.0
ocsort,../tpu_weights/v8/512/yolov8s_full_integer_quant_edgetpu.tflite,osnet_ibn_x1_0_msmt17.pt,4,10.263849,97.816666,87.3,116.3
ocsort,../tpu_weights/v8/512/yolov8s_full_integer_quant_edgetpu.tflite,osnet_ibn_x1_0_msmt17.pt,5,10.255966,97.800000,90.8,110.6
ocsort,../tpu_weights/v8/512/yolov8s_full_integer_quant_edgetpu.tflite,osnet_ain_x1_0_msmt17.pt,1,10.849686,92.618181,83.4,122.5
ocsort,../tpu_weights/v8/512/yolov8s_full_integer_quant_edgetpu.tflite,osnet_ain_x1_0_msmt17.pt,2,10.803262,92.806666,87.3,103.6
ocsort,../tpu_weights/v8/512/yolov8s_full_integer_quant_edgetpu.tflite,osnet_ain_x1_0_msmt17.pt,3,10.224238,98.070000,89.1,111.5
ocsort,../tpu_weights/v8/512/yolov8s_full_integer_quant_edgetpu.tflite,osnet_ain_x1_0_msmt17.pt,4,10.236861,97.916666,90.6,105.3
ocsort,../tpu_weights/v8/512/yolov8s_full_integer_quant_edgetpu.tflite,osnet_ain_x1_0_msmt17.pt,5,10.333989,96.911111,90.5,103.9
bytetrack,../tpu_weights/v8/512/yolov8n_full_integer_quant_edgetpu.tflite,osnet_x1_0_market1501.pt,1,21.911970,46.025806,44.4,74.9
bytetrack,../tpu_weights/v8/512/yolov8n_full_integer_quant_edgetpu.tflite,osnet_x1_0_market1501.pt,2,22.297953,44.853333,44.5,45.5
bytetrack,../tpu_weights/v8/512/yolov8n_full_integer_quant_edgetpu.tflite,osnet_x1_0_market1501.pt,3,22.021854,45.406666,45.1,45.7
bytetrack,../tpu_weights/v8/512/yolov8n_full_integer_quant_edgetpu.tflite,osnet_x1_0_market1501.pt,4,21.892183,45.683333,45.3,46.0
bytetrack,../tpu_weights/v8/512/yolov8n_full_integer_quant_edgetpu.tflite,osnet_x1_0_market1501.pt,5,21.787690,45.893103,45.2,46.3
bytetrack,../tpu_weights/v8/512/yolov8n_full_integer_quant_edgetpu.tflite,osnet_x0_75_market1501.pt,1,21.320291,47.251612,45.8,75.0
bytetrack,../tpu_weights/v8/512/yolov8n_full_integer_quant_edgetpu.tflite,osnet_x0_75_market1501.pt,2,21.507934,46.486666,46.2,47.0
bytetrack,../tpu_weights/v8/512/yolov8n_full_integer_quant_edgetpu.tflite,osnet_x0_75_market1501.pt,3,21.286148,46.980000,46.6,47.3
bytetrack,../tpu_weights/v8/512/yolov8n_full_integer_quant_edgetpu.tflite,osnet_x0_75_market1501.pt,4,21.141810,47.303333,46.9,47.8
bytetrack,../tpu_weights/v8/512/yolov8n_full_integer_quant_edgetpu.tflite,osnet_x0_75_market1501.pt,5,21.113501,47.362068,47.0,48.0
bytetrack,../tpu_weights/v8/512/yolov8n_full_integer_quant_edgetpu.tflite,osnet_x0_5_market1501.pt,1,22.069206,45.690322,44.0,74.3
bytetrack,../tpu_weights/v8/512/yolov8n_full_integer_quant_edgetpu.tflite,osnet_x0_5_market1501.pt,2,22.295714,44.846666,44.4,45.4
bytetrack,../tpu_weights/v8/512/yolov8n_full_integer_quant_edgetpu.tflite,osnet_x0_5_market1501.pt,3,22.111888,45.226666,44.6,46.8
bytetrack,../tpu_weights/v8/512/yolov8n_full_integer_quant_edgetpu.tflite,osnet_x0_5_market1501.pt,4,22.095531,45.260000,44.8,45.6
bytetrack,../tpu_weights/v8/512/yolov8n_full_integer_quant_edgetpu.tflite,osnet_x0_5_market1501.pt,5,21.753108,46.006896,45.1,51.9
bytetrack,../tpu_weights/v8/512/yolov8n_full_integer_quant_edgetpu.tflite,osnet_x0_25_market1501.pt,1,21.961809,45.935483,44.5,76.3
bytetrack,../tpu_weights/v8/512/yolov8n_full_integer_quant_edgetpu.tflite,osnet_x0_25_market1501.pt,2,22.280248,44.890000,44.7,45.3
bytetrack,../tpu_weights/v8/512/yolov8n_full_integer_quant_edgetpu.tflite,osnet_x0_25_market1501.pt,3,22.054590,45.343333,45.2,45.6
bytetrack,../tpu_weights/v8/512/yolov8n_full_integer_quant_edgetpu.tflite,osnet_x0_25_market1501.pt,4,21.943001,45.576666,45.4,45.9
bytetrack,../tpu_weights/v8/512/yolov8n_full_integer_quant_edgetpu.tflite,osnet_x0_25_market1501.pt,5,21.847646,45.775862,45.5,46.3
bytetrack,../tpu_weights/v8/512/yolov8n_full_integer_quant_edgetpu.tflite,lmbn_n_market.pt,1,21.957199,45.912903,44.6,74.6
bytetrack,../tpu_weights/v8/512/yolov8n_full_integer_quant_edgetpu.tflite,lmbn_n_market.pt,2,22.164000,45.123333,44.8,46.2
bytetrack,../tpu_weights/v8/512/yolov8n_full_integer_quant_edgetpu.tflite,lmbn_n_market.pt,3,21.980859,45.500000,45.2,45.8
bytetrack,../tpu_weights/v8/512/yolov8n_full_integer_quant_edgetpu.tflite,lmbn_n_market.pt,4,21.900145,45.663333,45.2,46.0
bytetrack,../tpu_weights/v8/512/yolov8n_full_integer_quant_edgetpu.tflite,lmbn_n_market.pt,5,21.816155,45.844827,45.5,46.2
bytetrack,../tpu_weights/v8/512/yolov8n_full_integer_quant_edgetpu.tflite,clip_market1501.pt,1,21.948181,45.945161,44.5,74.5
bytetrack,../tpu_weights/v8/512/yolov8n_full_integer_quant_edgetpu.tflite,clip_market1501.pt,2,22.223175,45.000000,44.8,45.2
bytetrack,../tpu_weights/v8/512/yolov8n_full_integer_quant_edgetpu.tflite,clip_market1501.pt,3,21.997843,45.463333,45.2,45.9
bytetrack,../tpu_weights/v8/512/yolov8n_full_integer_quant_edgetpu.tflite,clip_market1501.pt,4,21.876644,45.706666,45.4,46.6
bytetrack,../tpu_weights/v8/512/yolov8n_full_integer_quant_edgetpu.tflite,clip_market1501.pt,5,21.826104,45.810344,45.5,46.1
bytetrack,../tpu_weights/v8/512/yolov8n_full_integer_quant_edgetpu.tflite,osnet_ibn_x1_0_msmt17.pt,1,21.820449,46.258064,44.6,76.9
bytetrack,../tpu_weights/v8/512/yolov8n_full_integer_quant_edgetpu.tflite,osnet_ibn_x1_0_msmt17.pt,2,22.080203,45.293333,44.9,46.3
bytetrack,../tpu_weights/v8/512/yolov8n_full_integer_quant_edgetpu.tflite,osnet_ibn_x1_0_msmt17.pt,3,21.921002,45.623333,45.3,46.0
bytetrack,../tpu_weights/v8/512/yolov8n_full_integer_quant_edgetpu.tflite,osnet_ibn_x1_0_msmt17.pt,4,21.802755,45.863333,45.5,46.2
bytetrack,../tpu_weights/v8/512/yolov8n_full_integer_quant_edgetpu.tflite,osnet_ibn_x1_0_msmt17.pt,5,21.716797,46.044827,45.5,46.3
bytetrack,../tpu_weights/v8/512/yolov8n_full_integer_quant_edgetpu.tflite,osnet_ain_x1_0_msmt17.pt,1,22.057491,45.716129,44.2,73.7
bytetrack,../tpu_weights/v8/512/yolov8n_full_integer_quant_edgetpu.tflite,osnet_ain_x1_0_msmt17.pt,2,22.329680,44.786666,44.4,45.4
bytetrack,../tpu_weights/v8/512/yolov8n_full_integer_quant_edgetpu.tflite,osnet_ain_x1_0_msmt17.pt,3,22.099444,45.256666,44.9,45.7
bytetrack,../tpu_weights/v8/512/yolov8n_full_integer_quant_edgetpu.tflite,osnet_ain_x1_0_msmt17.pt,4,21.988534,45.480000,45.1,46.5
bytetrack,../tpu_weights/v8/512/yolov8n_full_integer_quant_edgetpu.tflite,osnet_ain_x1_0_msmt17.pt,5,21.889407,45.693103,45.3,46.1
bytetrack,../tpu_weights/v8/512/yolov8s_full_integer_quant_edgetpu.tflite,osnet_x1_0_market1501.pt,1,12.198164,82.390322,80.7,120.7
bytetrack,../tpu_weights/v8/512/yolov8s_full_integer_quant_edgetpu.tflite,osnet_x1_0_market1501.pt,2,12.008419,83.376666,80.9,91.9
bytetrack,../tpu_weights/v8/512/yolov8s_full_integer_quant_edgetpu.tflite,osnet_x1_0_market1501.pt,3,11.520942,86.803333,85.8,88.4
bytetrack,../tpu_weights/v8/512/yolov8s_full_integer_quant_edgetpu.tflite,osnet_x1_0_market1501.pt,4,11.463121,87.240000,86.0,88.7
bytetrack,../tpu_weights/v8/512/yolov8s_full_integer_quant_edgetpu.tflite,osnet_x1_0_market1501.pt,5,11.439645,87.427586,86.2,89.0
bytetrack,../tpu_weights/v8/512/yolov8s_full_integer_quant_edgetpu.tflite,osnet_x0_75_market1501.pt,1,12.179087,82.509677,80.7,120.5
bytetrack,../tpu_weights/v8/512/yolov8s_full_integer_quant_edgetpu.tflite,osnet_x0_75_market1501.pt,2,12.286246,81.403333,80.9,82.0
bytetrack,../tpu_weights/v8/512/yolov8s_full_integer_quant_edgetpu.tflite,osnet_x0_75_market1501.pt,3,11.985420,83.513333,81.2,88.5
bytetrack,../tpu_weights/v8/512/yolov8s_full_integer_quant_edgetpu.tflite,osnet_x0_75_market1501.pt,4,11.494677,87.010000,82.2,89.1
bytetrack,../tpu_weights/v8/512/yolov8s_full_integer_quant_edgetpu.tflite,osnet_x0_75_market1501.pt,5,12.170683,82.162068,81.6,82.8
bytetrack,../tpu_weights/v8/512/yolov8s_full_integer_quant_edgetpu.tflite,osnet_x0_5_market1501.pt,1,12.190964,82.429032,80.7,120.1
bytetrack,../tpu_weights/v8/512/yolov8s_full_integer_quant_edgetpu.tflite,osnet_x0_5_market1501.pt,2,12.159264,82.296666,80.9,87.7
bytetrack,../tpu_weights/v8/512/yolov8s_full_integer_quant_edgetpu.tflite,osnet_x0_5_market1501.pt,3,11.499601,86.963333,85.7,88.4
bytetrack,../tpu_weights/v8/512/yolov8s_full_integer_quant_edgetpu.tflite,osnet_x0_5_market1501.pt,4,11.522692,86.790000,85.8,88.9
bytetrack,../tpu_weights/v8/512/yolov8s_full_integer_quant_edgetpu.tflite,osnet_x0_5_market1501.pt,5,11.512421,86.875862,86.0,88.8
bytetrack,../tpu_weights/v8/512/yolov8s_full_integer_quant_edgetpu.tflite,osnet_x0_25_market1501.pt,1,12.135247,82.819354,81.1,121.3
bytetrack,../tpu_weights/v8/512/yolov8s_full_integer_quant_edgetpu.tflite,osnet_x0_25_market1501.pt,2,12.258458,81.570000,81.3,81.7
bytetrack,../tpu_weights/v8/512/yolov8s_full_integer_quant_edgetpu.tflite,osnet_x0_25_market1501.pt,3,11.950134,83.753333,81.8,88.4
bytetrack,../tpu_weights/v8/512/yolov8s_full_integer_quant_edgetpu.tflite,osnet_x0_25_market1501.pt,4,11.407581,87.666666,86.3,89.1
bytetrack,../tpu_weights/v8/512/yolov8s_full_integer_quant_edgetpu.tflite,osnet_x0_25_market1501.pt,5,11.377014,87.903448,86.4,89.8
bytetrack,../tpu_weights/v8/512/yolov8s_full_integer_quant_edgetpu.tflite,lmbn_n_market.pt,1,12.188787,82.458064,80.7,120.7
bytetrack,../tpu_weights/v8/512/yolov8s_full_integer_quant_edgetpu.tflite,lmbn_n_market.pt,2,12.292696,81.356666,81.1,81.7
bytetrack,../tpu_weights/v8/512/yolov8s_full_integer_quant_edgetpu.tflite,lmbn_n_market.pt,3,11.973635,83.590000,81.5,88.3
bytetrack,../tpu_weights/v8/512/yolov8s_full_integer_quant_edgetpu.tflite,lmbn_n_market.pt,4,11.442057,87.413333,86.3,88.9
bytetrack,../tpu_weights/v8/512/yolov8s_full_integer_quant_edgetpu.tflite,lmbn_n_market.pt,5,11.427386,87.513793,86.3,89.4
bytetrack,../tpu_weights/v8/512/yolov8s_full_integer_quant_edgetpu.tflite,clip_market1501.pt,1,12.177302,82.538709,80.7,120.6
bytetrack,../tpu_weights/v8/512/yolov8s_full_integer_quant_edgetpu.tflite,clip_market1501.pt,2,12.294692,81.336666,81.1,81.8
bytetrack,../tpu_weights/v8/512/yolov8s_full_integer_quant_edgetpu.tflite,clip_market1501.pt,3,11.971154,83.610000,81.6,88.8
bytetrack,../tpu_weights/v8/512/yolov8s_full_integer_quant_edgetpu.tflite,clip_market1501.pt,4,11.455372,87.300000,86.3,88.8
bytetrack,../tpu_weights/v8/512/yolov8s_full_integer_quant_edgetpu.tflite,clip_market1501.pt,5,11.420855,87.562068,86.6,89.3
bytetrack,../tpu_weights/v8/512/yolov8s_full_integer_quant_edgetpu.tflite,osnet_ibn_x1_0_msmt17.pt,1,12.129552,82.851612,81.0,120.9
bytetrack,../tpu_weights/v8/512/yolov8s_full_integer_quant_edgetpu.tflite,osnet_ibn_x1_0_msmt17.pt,2,12.260368,81.566666,81.2,82.1
bytetrack,../tpu_weights/v8/512/yolov8s_full_integer_quant_edgetpu.tflite,osnet_ibn_x1_0_msmt17.pt,3,11.940317,83.820000,81.7,88.5
bytetrack,../tpu_weights/v8/512/yolov8s_full_integer_quant_edgetpu.tflite,osnet_ibn_x1_0_msmt17.pt,4,11.454440,87.306666,86.1,89.0
bytetrack,../tpu_weights/v8/512/yolov8s_full_integer_quant_edgetpu.tflite,osnet_ibn_x1_0_msmt17.pt,5,11.374160,87.927586,86.5,89.6
bytetrack,../tpu_weights/v8/512/yolov8s_full_integer_quant_edgetpu.tflite,osnet_ain_x1_0_msmt17.pt,1,12.161181,82.635483,80.8,120.4
bytetrack,../tpu_weights/v8/512/yolov8s_full_integer_quant_edgetpu.tflite,osnet_ain_x1_0_msmt17.pt,2,12.284037,81.403333,81.1,81.7
bytetrack,../tpu_weights/v8/512/yolov8s_full_integer_quant_edgetpu.tflite,osnet_ain_x1_0_msmt17.pt,3,11.996293,83.416666,81.1,88.4
bytetrack,../tpu_weights/v8/512/yolov8s_full_integer_quant_edgetpu.tflite,osnet_ain_x1_0_msmt17.pt,4,11.429460,87.490000,86.1,89.1
bytetrack,../tpu_weights/v8/512/yolov8s_full_integer_quant_edgetpu.tflite,osnet_ain_x1_0_msmt17.pt,5,11.404650,87.696551,86.6,89.4
botsort,../tpu_weights/v8/512/yolov8n_full_integer_quant_edgetpu.tflite,osnet_x1_0_market1501.pt,1,4.178092,254.246875,219.4,715.2
botsort,../tpu_weights/v8/512/yolov8n_full_integer_quant_edgetpu.tflite,osnet_x1_0_market1501.pt,2,2.585865,386.741379,377.8,391.0
botsort,../tpu_weights/v8/512/yolov8n_full_integer_quant_edgetpu.tflite,osnet_x1_0_market1501.pt,3,1.393363,719.746666,682.1,867.8
botsort,../tpu_weights/v8/512/yolov8n_full_integer_quant_edgetpu.tflite,osnet_x1_0_market1501.pt,4,1.146363,873.570000,853.2,1062.8
botsort,../tpu_weights/v8/512/yolov8n_full_integer_quant_edgetpu.tflite,osnet_x1_0_market1501.pt,5,.933893,1070.958620,1050.2,1110.1
botsort,../tpu_weights/v8/512/yolov8n_full_integer_quant_edgetpu.tflite,osnet_x0_75_market1501.pt,1,5.319260,199.290625,171.6,541.6
botsort,../tpu_weights/v8/512/yolov8n_full_integer_quant_edgetpu.tflite,osnet_x0_75_market1501.pt,2,3.380916,295.827586,289.4,311.3
botsort,../tpu_weights/v8/512/yolov8n_full_integer_quant_edgetpu.tflite,osnet_x0_75_market1501.pt,3,1.857511,539.913333,518.3,660.1
botsort,../tpu_weights/v8/512/yolov8n_full_integer_quant_edgetpu.tflite,osnet_x0_75_market1501.pt,4,1.514872,661.130000,642.7,807.1
botsort,../tpu_weights/v8/512/yolov8n_full_integer_quant_edgetpu.tflite,osnet_x0_75_market1501.pt,5,1.291038,774.655172,762.2,793.3
botsort,../tpu_weights/v8/512/yolov8n_full_integer_quant_edgetpu.tflite,osnet_x0_5_market1501.pt,1,6.386040,164.318750,143.3,383.5
botsort,../tpu_weights/v8/512/yolov8n_full_integer_quant_edgetpu.tflite,osnet_x0_5_market1501.pt,2,4.408329,226.917241,220.6,240.4
botsort,../tpu_weights/v8/512/yolov8n_full_integer_quant_edgetpu.tflite,osnet_x0_5_market1501.pt,3,2.627071,381.710000,365.0,451.8
botsort,../tpu_weights/v8/512/yolov8n_full_integer_quant_edgetpu.tflite,osnet_x0_5_market1501.pt,4,2.194979,456.290000,441.4,548.6
botsort,../tpu_weights/v8/512/yolov8n_full_integer_quant_edgetpu.tflite,osnet_x0_5_market1501.pt,5,1.831514,546.110344,535.6,569.9
botsort,../tpu_weights/v8/512/yolov8n_full_integer_quant_edgetpu.tflite,osnet_x0_25_market1501.pt,1,8.665623,119.975000,105.4,235.9
botsort,../tpu_weights/v8/512/yolov8n_full_integer_quant_edgetpu.tflite,osnet_x0_25_market1501.pt,2,6.358098,157.375862,154.4,178.1
botsort,../tpu_weights/v8/512/yolov8n_full_integer_quant_edgetpu.tflite,osnet_x0_25_market1501.pt,3,4.349679,230.453333,217.0,266.2
botsort,../tpu_weights/v8/512/yolov8n_full_integer_quant_edgetpu.tflite,osnet_x0_25_market1501.pt,4,3.753150,266.690000,258.5,302.4
botsort,../tpu_weights/v8/512/yolov8n_full_integer_quant_edgetpu.tflite,osnet_x0_25_market1501.pt,5,3.353700,298.234482,293.2,316.1
botsort,../tpu_weights/v8/512/yolov8n_full_integer_quant_edgetpu.tflite,lmbn_n_market.pt,1,2.971506,363.762500,310.7,1029.6
botsort,../tpu_weights/v8/512/yolov8n_full_integer_quant_edgetpu.tflite,lmbn_n_market.pt,2,1.746300,572.734482,559.6,606.2
botsort,../tpu_weights/v8/512/yolov8n_full_integer_quant_edgetpu.tflite,lmbn_n_market.pt,3,.982503,1021.046666,979.4,1258.0
botsort,../tpu_weights/v8/512/yolov8n_full_integer_quant_edgetpu.tflite,lmbn_n_market.pt,4,.802354,1248.023333,1225.5,1514.1
botsort,../tpu_weights/v8/512/yolov8n_full_integer_quant_edgetpu.tflite,lmbn_n_market.pt,5,.668039,1496.989655,1478.5,1514.2
botsort,../tpu_weights/v8/512/yolov8n_full_integer_quant_edgetpu.tflite,clip_market1501.pt,1,1.732019,733.434375,535.5,5481.6
botsort,../tpu_weights/v8/512/yolov8n_full_integer_quant_edgetpu.tflite,clip_market1501.pt,2,1.223666,817.248275,813.5,839.7
botsort,../tpu_weights/v8/512/yolov8n_full_integer_quant_edgetpu.tflite,clip_market1501.pt,3,.714567,1403.236666,1357.6,1680.6
botsort,../tpu_weights/v8/512/yolov8n_full_integer_quant_edgetpu.tflite,clip_market1501.pt,4,.595384,1681.526666,1653.2,2011.3
botsort,../tpu_weights/v8/512/yolov8n_full_integer_quant_edgetpu.tflite,clip_market1501.pt,5,.496288,2015.072413,1996.3,2049.1
botsort,../tpu_weights/v8/512/yolov8n_full_integer_quant_edgetpu.tflite,osnet_ibn_x1_0_msmt17.pt,1,4.213189,253.012500,217.6,727.2
botsort,../tpu_weights/v8/512/yolov8n_full_integer_quant_edgetpu.tflite,osnet_ibn_x1_0_msmt17.pt,2,2.604833,383.924137,378.8,389.9
botsort,../tpu_weights/v8/512/yolov8n_full_integer_quant_edgetpu.tflite,osnet_ibn_x1_0_msmt17.pt,3,1.359727,737.590000,699.3,888.0
botsort,../tpu_weights/v8/512/yolov8n_full_integer_quant_edgetpu.tflite,osnet_ibn_x1_0_msmt17.pt,4,1.111119,901.423333,878.5,1111.8
botsort,../tpu_weights/v8/512/yolov8n_full_integer_quant_edgetpu.tflite,osnet_ibn_x1_0_msmt17.pt,5,.909711,1099.396551,1078.4,1120.5
botsort,../tpu_weights/v8/512/yolov8n_full_integer_quant_edgetpu.tflite,osnet_ain_x1_0_msmt17.pt,1,4.264126,248.918750,215.0,703.6
botsort,../tpu_weights/v8/512/yolov8n_full_integer_quant_edgetpu.tflite,osnet_ain_x1_0_msmt17.pt,2,2.680430,373.127586,366.0,391.4
botsort,../tpu_weights/v8/512/yolov8n_full_integer_quant_edgetpu.tflite,osnet_ain_x1_0_msmt17.pt,3,1.413225,709.750000,674.7,862.0
botsort,../tpu_weights/v8/512/yolov8n_full_integer_quant_edgetpu.tflite,osnet_ain_x1_0_msmt17.pt,4,1.164014,860.373333,842.2,1052.9
botsort,../tpu_weights/v8/512/yolov8n_full_integer_quant_edgetpu.tflite,osnet_ain_x1_0_msmt17.pt,5,.952036,1050.472413,1031.8,1071.0
botsort,../tpu_weights/v8/512/yolov8s_full_integer_quant_edgetpu.tflite,osnet_x1_0_market1501.pt,1,3.715346,274.145161,252.4,471.3
botsort,../tpu_weights/v8/512/yolov8s_full_integer_quant_edgetpu.tflite,osnet_x1_0_market1501.pt,2,2.334517,433.916666,412.5,785.4
botsort,../tpu_weights/v8/512/yolov8s_full_integer_quant_edgetpu.tflite,osnet_x1_0_market1501.pt,3,1.310136,767.673333,727.5,913.2
botsort,../tpu_weights/v8/512/yolov8s_full_integer_quant_edgetpu.tflite,osnet_x1_0_market1501.pt,4,1.109842,903.953333,880.0,1115.6
botsort,../tpu_weights/v8/512/yolov8s_full_integer_quant_edgetpu.tflite,osnet_x1_0_market1501.pt,5,.909250,1101.144827,1068.7,1243.5
botsort,../tpu_weights/v8/512/yolov8s_full_integer_quant_edgetpu.tflite,osnet_x0_75_market1501.pt,1,4.620564,220.580645,204.2,388.7
botsort,../tpu_weights/v8/512/yolov8s_full_integer_quant_edgetpu.tflite,osnet_x0_75_market1501.pt,2,2.933195,344.313333,329.2,574.3
botsort,../tpu_weights/v8/512/yolov8s_full_integer_quant_edgetpu.tflite,osnet_x0_75_market1501.pt,3,1.712833,587.486666,553.8,701.8
botsort,../tpu_weights/v8/512/yolov8s_full_integer_quant_edgetpu.tflite,osnet_x0_75_market1501.pt,4,1.446600,692.893333,667.4,826.1
botsort,../tpu_weights/v8/512/yolov8s_full_integer_quant_edgetpu.tflite,osnet_x0_75_market1501.pt,5,1.221546,819.793103,796.3,934.1
botsort,../tpu_weights/v8/512/yolov8s_full_integer_quant_edgetpu.tflite,osnet_x0_5_market1501.pt,1,5.229982,194.474193,178.9,345.6
botsort,../tpu_weights/v8/512/yolov8s_full_integer_quant_edgetpu.tflite,osnet_x0_5_market1501.pt,2,3.745540,268.753333,258.4,412.9
botsort,../tpu_weights/v8/512/yolov8s_full_integer_quant_edgetpu.tflite,osnet_x0_5_market1501.pt,3,2.368614,423.990000,402.9,491.7
botsort,../tpu_weights/v8/512/yolov8s_full_integer_quant_edgetpu.tflite,osnet_x0_5_market1501.pt,4,2.022314,495.470000,481.8,587.1
botsort,../tpu_weights/v8/512/yolov8s_full_integer_quant_edgetpu.tflite,osnet_x0_5_market1501.pt,5,1.711030,585.262068,562.3,669.8
botsort,../tpu_weights/v8/512/yolov8s_full_integer_quant_edgetpu.tflite,osnet_x0_25_market1501.pt,1,6.615049,153.812903,141.4,278.1
botsort,../tpu_weights/v8/512/yolov8s_full_integer_quant_edgetpu.tflite,osnet_x0_25_market1501.pt,2,5.118668,196.000000,191.7,264.8
botsort,../tpu_weights/v8/512/yolov8s_full_integer_quant_edgetpu.tflite,osnet_x0_25_market1501.pt,3,3.638104,275.503333,263.8,307.3
botsort,../tpu_weights/v8/512/yolov8s_full_integer_quant_edgetpu.tflite,osnet_x0_25_market1501.pt,4,3.263686,306.650000,299.1,336.2
botsort,../tpu_weights/v8/512/yolov8s_full_integer_quant_edgetpu.tflite,osnet_x0_25_market1501.pt,5,2.942038,340.182758,330.8,374.9
botsort,../tpu_weights/v8/512/yolov8s_full_integer_quant_edgetpu.tflite,lmbn_n_market.pt,1,2.727936,378.374193,348.0,831.2
botsort,../tpu_weights/v8/512/yolov8s_full_integer_quant_edgetpu.tflite,lmbn_n_market.pt,2,1.633301,618.626666,590.7,1053.2
botsort,../tpu_weights/v8/512/yolov8s_full_integer_quant_edgetpu.tflite,lmbn_n_market.pt,3,.931334,1079.993333,1029.4,1285.5
botsort,../tpu_weights/v8/512/yolov8s_full_integer_quant_edgetpu.tflite,lmbn_n_market.pt,4,.792401,1265.370000,1232.9,1530.6
botsort,../tpu_weights/v8/512/yolov8s_full_integer_quant_edgetpu.tflite,lmbn_n_market.pt,5,.656536,1524.958620,1484.3,1720.9
botsort,../tpu_weights/v8/512/yolov8s_full_integer_quant_edgetpu.tflite,clip_market1501.pt,1,1.638644,758.870967,576.9,5653.3
botsort,../tpu_weights/v8/512/yolov8s_full_integer_quant_edgetpu.tflite,clip_market1501.pt,2,1.140482,883.816666,858.4,1414.2
botsort,../tpu_weights/v8/512/yolov8s_full_integer_quant_edgetpu.tflite,clip_market1501.pt,3,.685561,1466.863333,1405.2,1734.0
botsort,../tpu_weights/v8/512/yolov8s_full_integer_quant_edgetpu.tflite,clip_market1501.pt,4,.571659,1752.916666,1713.1,2088.7
botsort,../tpu_weights/v8/512/yolov8s_full_integer_quant_edgetpu.tflite,clip_market1501.pt,5,.481592,2079.510344,2039.3,2386.8
botsort,../tpu_weights/v8/512/yolov8s_full_integer_quant_edgetpu.tflite,osnet_ibn_x1_0_msmt17.pt,1,3.782630,269.729032,248.1,479.7
botsort,../tpu_weights/v8/512/yolov8s_full_integer_quant_edgetpu.tflite,osnet_ibn_x1_0_msmt17.pt,2,2.337526,433.040000,416.5,771.5
botsort,../tpu_weights/v8/512/yolov8s_full_integer_quant_edgetpu.tflite,osnet_ibn_x1_0_msmt17.pt,3,1.289318,780.490000,737.7,931.0
botsort,../tpu_weights/v8/512/yolov8s_full_integer_quant_edgetpu.tflite,osnet_ibn_x1_0_msmt17.pt,4,1.088018,922.150000,886.8,1142.1
botsort,../tpu_weights/v8/512/yolov8s_full_integer_quant_edgetpu.tflite,osnet_ibn_x1_0_msmt17.pt,5,.886666,1129.055172,1097.5,1267.9
botsort,../tpu_weights/v8/512/yolov8s_full_integer_quant_edgetpu.tflite,osnet_ain_x1_0_msmt17.pt,1,3.760039,270.800000,252.0,466.9
botsort,../tpu_weights/v8/512/yolov8s_full_integer_quant_edgetpu.tflite,osnet_ain_x1_0_msmt17.pt,2,2.389967,423.310000,403.8,744.4
botsort,../tpu_weights/v8/512/yolov8s_full_integer_quant_edgetpu.tflite,osnet_ain_x1_0_msmt17.pt,3,1.332425,755.583333,713.7,907.5
botsort,../tpu_weights/v8/512/yolov8s_full_integer_quant_edgetpu.tflite,osnet_ain_x1_0_msmt17.pt,4,1.127319,890.043333,856.9,1093.7
botsort,../tpu_weights/v8/512/yolov8s_full_integer_quant_edgetpu.tflite,osnet_ain_x1_0_msmt17.pt,5,.923587,1083.817241,1055.7,1211.7
deepocsort,../tpu_weights/v8/512/yolov8n_full_integer_quant_edgetpu.tflite,osnet_x1_0_market1501.pt,1,3.971981,259.824242,215.8,415.9
deepocsort,../tpu_weights/v8/512/yolov8n_full_integer_quant_edgetpu.tflite,osnet_x1_0_market1501.pt,2,2.355286,438.503333,389.1,736.2
deepocsort,../tpu_weights/v8/512/yolov8n_full_integer_quant_edgetpu.tflite,osnet_x1_0_market1501.pt,3,1.333455,753.813333,702.7,935.0
deepocsort,../tpu_weights/v8/512/yolov8n_full_integer_quant_edgetpu.tflite,osnet_x1_0_market1501.pt,4,1.094741,920.480000,861.2,1173.4
deepocsort,../tpu_weights/v8/512/yolov8n_full_integer_quant_edgetpu.tflite,osnet_x1_0_market1501.pt,5,.913451,1094.877777,1071.9,1119.3
deepocsort,../tpu_weights/v8/512/yolov8n_full_integer_quant_edgetpu.tflite,osnet_x0_75_market1501.pt,1,4.772984,216.078787,171.1,353.8
deepocsort,../tpu_weights/v8/512/yolov8n_full_integer_quant_edgetpu.tflite,osnet_x0_75_market1501.pt,2,2.931456,350.420000,309.8,570.7
deepocsort,../tpu_weights/v8/512/yolov8n_full_integer_quant_edgetpu.tflite,osnet_x0_75_market1501.pt,3,1.762445,570.160000,523.5,670.8
deepocsort,../tpu_weights/v8/512/yolov8n_full_integer_quant_edgetpu.tflite,osnet_x0_75_market1501.pt,4,1.474716,681.510000,637.9,805.6
deepocsort,../tpu_weights/v8/512/yolov8n_full_integer_quant_edgetpu.tflite,osnet_x0_75_market1501.pt,5,1.243934,804.181481,787.0,847.8
deepocsort,../tpu_weights/v8/512/yolov8n_full_integer_quant_edgetpu.tflite,osnet_x0_5_market1501.pt,1,5.569000,184.678787,143.5,300.3
deepocsort,../tpu_weights/v8/512/yolov8n_full_integer_quant_edgetpu.tflite,osnet_x0_5_market1501.pt,2,3.693674,274.680000,246.5,387.5
deepocsort,../tpu_weights/v8/512/yolov8n_full_integer_quant_edgetpu.tflite,osnet_x0_5_market1501.pt,3,2.536997,396.673333,369.9,493.9
deepocsort,../tpu_weights/v8/512/yolov8n_full_integer_quant_edgetpu.tflite,osnet_x0_5_market1501.pt,4,2.056454,489.836666,449.5,637.5
deepocsort,../tpu_weights/v8/512/yolov8n_full_integer_quant_edgetpu.tflite,osnet_x0_5_market1501.pt,5,1.729082,578.900000,557.1,633.0
deepocsort,../tpu_weights/v8/512/yolov8n_full_integer_quant_edgetpu.tflite,osnet_x0_25_market1501.pt,1,6.664646,155.327272,107.0,236.0
deepocsort,../tpu_weights/v8/512/yolov8n_full_integer_quant_edgetpu.tflite,osnet_x0_25_market1501.pt,2,4.889765,206.283333,178.9,255.3
deepocsort,../tpu_weights/v8/512/yolov8n_full_integer_quant_edgetpu.tflite,osnet_x0_25_market1501.pt,3,4.018591,249.930000,235.2,292.6
deepocsort,../tpu_weights/v8/512/yolov8n_full_integer_quant_edgetpu.tflite,osnet_x0_25_market1501.pt,4,3.471617,288.556666,277.2,319.2
deepocsort,../tpu_weights/v8/512/yolov8n_full_integer_quant_edgetpu.tflite,osnet_x0_25_market1501.pt,5,3.155508,316.966666,310.2,325.1
deepocsort,../tpu_weights/v8/512/yolov8n_full_integer_quant_edgetpu.tflite,lmbn_n_market.pt,1,2.794974,375.212121,312.0,807.6
deepocsort,../tpu_weights/v8/512/yolov8n_full_integer_quant_edgetpu.tflite,lmbn_n_market.pt,2,1.600013,643.426666,582.2,1069.7
deepocsort,../tpu_weights/v8/512/yolov8n_full_integer_quant_edgetpu.tflite,lmbn_n_market.pt,3,.929951,1080.746666,1007.1,1291.8
deepocsort,../tpu_weights/v8/512/yolov8n_full_integer_quant_edgetpu.tflite,lmbn_n_market.pt,4,.766611,1312.283333,1233.0,1618.2
deepocsort,../tpu_weights/v8/512/yolov8n_full_integer_quant_edgetpu.tflite,lmbn_n_market.pt,5,.644285,1552.425925,1518.4,1620.0
deepocsort,../tpu_weights/v8/512/yolov8n_full_integer_quant_edgetpu.tflite,clip_market1501.pt,1,1.675453,737.742424,536.2,5487.1
deepocsort,../tpu_weights/v8/512/yolov8n_full_integer_quant_edgetpu.tflite,clip_market1501.pt,2,1.134729,901.343333,816.3,1394.9
deepocsort,../tpu_weights/v8/512/yolov8n_full_integer_quant_edgetpu.tflite,clip_market1501.pt,3,.697958,1439.523333,1372.2,1714.7
deepocsort,../tpu_weights/v8/512/yolov8n_full_integer_quant_edgetpu.tflite,clip_market1501.pt,4,.562672,1783.593333,1697.0,2047.1
deepocsort,../tpu_weights/v8/512/yolov8n_full_integer_quant_edgetpu.tflite,clip_market1501.pt,5,.492442,2030.914814,2001.5,2092.9
deepocsort,../tpu_weights/v8/512/yolov8n_full_integer_quant_edgetpu.tflite,osnet_ibn_x1_0_msmt17.pt,1,3.982029,259.430303,216.9,427.7
deepocsort,../tpu_weights/v8/512/yolov8n_full_integer_quant_edgetpu.tflite,osnet_ibn_x1_0_msmt17.pt,2,2.291716,452.316666,398.4,791.6
deepocsort,../tpu_weights/v8/512/yolov8n_full_integer_quant_edgetpu.tflite,osnet_ibn_x1_0_msmt17.pt,3,1.301589,771.690000,721.1,915.2
deepocsort,../tpu_weights/v8/512/yolov8n_full_integer_quant_edgetpu.tflite,osnet_ibn_x1_0_msmt17.pt,4,1.068600,942.596666,870.9,1147.1
deepocsort,../tpu_weights/v8/512/yolov8n_full_integer_quant_edgetpu.tflite,osnet_ibn_x1_0_msmt17.pt,5,.894489,1118.129629,1089.8,1144.8
deepocsort,../tpu_weights/v8/512/yolov8n_full_integer_quant_edgetpu.tflite,osnet_ain_x1_0_msmt17.pt,1,3.982998,259.833333,214.8,424.8
deepocsort,../tpu_weights/v8/512/yolov8n_full_integer_quant_edgetpu.tflite,osnet_ain_x1_0_msmt17.pt,2,2.411207,428.520000,385.0,726.4
deepocsort,../tpu_weights/v8/512/yolov8n_full_integer_quant_edgetpu.tflite,osnet_ain_x1_0_msmt17.pt,3,1.369988,733.683333,692.2,888.1
deepocsort,../tpu_weights/v8/512/yolov8n_full_integer_quant_edgetpu.tflite,osnet_ain_x1_0_msmt17.pt,4,1.119195,899.686666,836.9,1094.7
deepocsort,../tpu_weights/v8/512/yolov8n_full_integer_quant_edgetpu.tflite,osnet_ain_x1_0_msmt17.pt,5,.927649,1078.244444,1049.5,1141.8
deepocsort,../tpu_weights/v8/512/yolov8s_full_integer_quant_edgetpu.tflite,osnet_x1_0_market1501.pt,1,3.696524,278.496969,251.1,467.3
deepocsort,../tpu_weights/v8/512/yolov8s_full_integer_quant_edgetpu.tflite,osnet_x1_0_market1501.pt,2,2.242773,464.550000,415.2,946.3
deepocsort,../tpu_weights/v8/512/yolov8s_full_integer_quant_edgetpu.tflite,osnet_x1_0_market1501.pt,3,1.270498,794.153333,723.9,968.0
deepocsort,../tpu_weights/v8/512/yolov8s_full_integer_quant_edgetpu.tflite,osnet_x1_0_market1501.pt,4,1.085023,928.970000,879.0,1168.3
deepocsort,../tpu_weights/v8/512/yolov8s_full_integer_quant_edgetpu.tflite,osnet_x1_0_market1501.pt,5,.885648,1131.174074,1062.5,1286.4
deepocsort,../tpu_weights/v8/512/yolov8s_full_integer_quant_edgetpu.tflite,osnet_x0_75_market1501.pt,1,4.495916,228.448484,204.7,390.6
deepocsort,../tpu_weights/v8/512/yolov8s_full_integer_quant_edgetpu.tflite,osnet_x0_75_market1501.pt,2,2.864489,361.950000,325.3,727.4
deepocsort,../tpu_weights/v8/512/yolov8s_full_integer_quant_edgetpu.tflite,osnet_x0_75_market1501.pt,3,1.662998,607.026666,556.7,748.0
deepocsort,../tpu_weights/v8/512/yolov8s_full_integer_quant_edgetpu.tflite,osnet_x0_75_market1501.pt,4,1.398046,718.263333,678.4,831.8
deepocsort,../tpu_weights/v8/512/yolov8s_full_integer_quant_edgetpu.tflite,osnet_x0_75_market1501.pt,5,1.217529,823.103703,785.6,932.4
deepocsort,../tpu_weights/v8/512/yolov8s_full_integer_quant_edgetpu.tflite,osnet_x0_5_market1501.pt,1,5.283049,193.787878,178.6,344.9
deepocsort,../tpu_weights/v8/512/yolov8s_full_integer_quant_edgetpu.tflite,osnet_x0_5_market1501.pt,2,3.592487,284.566666,261.4,487.1
deepocsort,../tpu_weights/v8/512/yolov8s_full_integer_quant_edgetpu.tflite,osnet_x0_5_market1501.pt,3,2.388554,420.906666,398.8,491.6
deepocsort,../tpu_weights/v8/512/yolov8s_full_integer_quant_edgetpu.tflite,osnet_x0_5_market1501.pt,4,1.999893,502.706666,477.6,643.3
deepocsort,../tpu_weights/v8/512/yolov8s_full_integer_quant_edgetpu.tflite,osnet_x0_5_market1501.pt,5,1.682788,595.837037,562.8,660.3
deepocsort,../tpu_weights/v8/512/yolov8s_full_integer_quant_edgetpu.tflite,osnet_x0_25_market1501.pt,1,6.668140,153.230303,142.1,288.0
deepocsort,../tpu_weights/v8/512/yolov8s_full_integer_quant_edgetpu.tflite,osnet_x0_25_market1501.pt,2,4.932884,205.230000,191.2,301.1
deepocsort,../tpu_weights/v8/512/yolov8s_full_integer_quant_edgetpu.tflite,osnet_x0_25_market1501.pt,3,3.716436,269.906666,258.0,304.7
deepocsort,../tpu_weights/v8/512/yolov8s_full_integer_quant_edgetpu.tflite,osnet_x0_25_market1501.pt,4,3.258915,307.426666,296.7,340.3
deepocsort,../tpu_weights/v8/512/yolov8s_full_integer_quant_edgetpu.tflite,osnet_x0_25_market1501.pt,5,2.934368,341.085185,334.0,377.4
deepocsort,../tpu_weights/v8/512/yolov8s_full_integer_quant_edgetpu.tflite,lmbn_n_market.pt,1,2.685984,389.730303,345.9,831.4
deepocsort,../tpu_weights/v8/512/yolov8s_full_integer_quant_edgetpu.tflite,lmbn_n_market.pt,2,1.543428,672.370000,596.5,1312.2
deepocsort,../tpu_weights/v8/512/yolov8s_full_integer_quant_edgetpu.tflite,lmbn_n_market.pt,3,.902420,1115.156666,1030.9,1336.0
deepocsort,../tpu_weights/v8/512/yolov8s_full_integer_quant_edgetpu.tflite,lmbn_n_market.pt,4,.761861,1320.386666,1240.8,1673.2
deepocsort,../tpu_weights/v8/512/yolov8s_full_integer_quant_edgetpu.tflite,lmbn_n_market.pt,5,.638051,1569.892592,1503.0,1727.8
deepocsort,../tpu_weights/v8/512/yolov8s_full_integer_quant_edgetpu.tflite,clip_market1501.pt,1,1.569778,782.521212,579.5,5726.0
deepocsort,../tpu_weights/v8/512/yolov8s_full_integer_quant_edgetpu.tflite,clip_market1501.pt,2,1.085820,949.736666,872.0,1768.2
deepocsort,../tpu_weights/v8/512/yolov8s_full_integer_quant_edgetpu.tflite,clip_market1501.pt,3,.662516,1518.690000,1419.2,1800.0
deepocsort,../tpu_weights/v8/512/yolov8s_full_integer_quant_edgetpu.tflite,clip_market1501.pt,4,.552112,1817.596666,1729.5,2116.0
deepocsort,../tpu_weights/v8/512/yolov8s_full_integer_quant_edgetpu.tflite,clip_market1501.pt,5,.476600,2100.966666,2035.0,2385.9
deepocsort,../tpu_weights/v8/512/yolov8s_full_integer_quant_edgetpu.tflite,osnet_ibn_x1_0_msmt17.pt,1,3.669857,280.412121,254.6,478.5
deepocsort,../tpu_weights/v8/512/yolov8s_full_integer_quant_edgetpu.tflite,osnet_ibn_x1_0_msmt17.pt,2,2.253575,461.956666,416.4,935.1
deepocsort,../tpu_weights/v8/512/yolov8s_full_integer_quant_edgetpu.tflite,osnet_ibn_x1_0_msmt17.pt,3,1.233475,816.853333,738.9,980.3
deepocsort,../tpu_weights/v8/512/yolov8s_full_integer_quant_edgetpu.tflite,osnet_ibn_x1_0_msmt17.pt,4,1.035473,971.936666,903.1,1193.2
deepocsort,../tpu_weights/v8/512/yolov8s_full_integer_quant_edgetpu.tflite,osnet_ibn_x1_0_msmt17.pt,5,.863778,1159.525925,1098.7,1308.3
deepocsort,../tpu_weights/v8/512/yolov8s_full_integer_quant_edgetpu.tflite,osnet_ain_x1_0_msmt17.pt,1,3.773052,273.336363,247.3,471.6
deepocsort,../tpu_weights/v8/512/yolov8s_full_integer_quant_edgetpu.tflite,osnet_ain_x1_0_msmt17.pt,2,2.311745,449.430000,405.8,895.5
deepocsort,../tpu_weights/v8/512/yolov8s_full_integer_quant_edgetpu.tflite,osnet_ain_x1_0_msmt17.pt,3,1.300813,773.620000,703.0,919.1
deepocsort,../tpu_weights/v8/512/yolov8s_full_integer_quant_edgetpu.tflite,osnet_ain_x1_0_msmt17.pt,4,1.105112,909.640000,860.9,1091.4
deepocsort,../tpu_weights/v8/512/yolov8s_full_integer_quant_edgetpu.tflite,osnet_ain_x1_0_msmt17.pt,5,.926266,1082.170370,1031.6,1290.5
imprassoc,../tpu_weights/v8/512/yolov8n_full_integer_quant_edgetpu.tflite,osnet_x1_0_market1501.pt,1,4.336522,238.130000,220.6,593.7
imprassoc,../tpu_weights/v8/512/yolov8n_full_integer_quant_edgetpu.tflite,osnet_x1_0_market1501.pt,2,2.588669,386.403333,378.3,417.5
imprassoc,../tpu_weights/v8/512/yolov8n_full_integer_quant_edgetpu.tflite,osnet_x1_0_market1501.pt,3,1.393495,718.820000,691.2,882.3
imprassoc,../tpu_weights/v8/512/yolov8n_full_integer_quant_edgetpu.tflite,osnet_x1_0_market1501.pt,4,1.143154,877.476666,846.6,1077.6
imprassoc,../tpu_weights/v8/512/yolov8n_full_integer_quant_edgetpu.tflite,osnet_x1_0_market1501.pt,5,.937395,1066.873333,1052.5,1094.0
imprassoc,../tpu_weights/v8/512/yolov8n_full_integer_quant_edgetpu.tflite,osnet_x0_75_market1501.pt,1,5.569620,185.410000,173.1,456.6
imprassoc,../tpu_weights/v8/512/yolov8n_full_integer_quant_edgetpu.tflite,osnet_x0_75_market1501.pt,2,3.369525,296.800000,291.8,301.6
imprassoc,../tpu_weights/v8/512/yolov8n_full_integer_quant_edgetpu.tflite,osnet_x0_75_market1501.pt,3,1.886904,530.880000,507.2,654.2
imprassoc,../tpu_weights/v8/512/yolov8n_full_integer_quant_edgetpu.tflite,osnet_x0_75_market1501.pt,4,1.515737,661.103333,641.0,781.6
imprassoc,../tpu_weights/v8/512/yolov8n_full_integer_quant_edgetpu.tflite,osnet_x0_75_market1501.pt,5,1.293390,773.193333,766.8,793.7
imprassoc,../tpu_weights/v8/512/yolov8n_full_integer_quant_edgetpu.tflite,osnet_x0_5_market1501.pt,1,6.748569,153.420000,143.0,396.1
imprassoc,../tpu_weights/v8/512/yolov8n_full_integer_quant_edgetpu.tflite,osnet_x0_5_market1501.pt,2,4.364418,229.153333,224.0,234.4
imprassoc,../tpu_weights/v8/512/yolov8n_full_integer_quant_edgetpu.tflite,osnet_x0_5_market1501.pt,3,2.667847,375.353333,363.1,454.0
imprassoc,../tpu_weights/v8/512/yolov8n_full_integer_quant_edgetpu.tflite,osnet_x0_5_market1501.pt,4,2.186425,458.510000,445.3,556.5
imprassoc,../tpu_weights/v8/512/yolov8n_full_integer_quant_edgetpu.tflite,osnet_x0_5_market1501.pt,5,1.821964,548.886666,541.9,560.3
imprassoc,../tpu_weights/v8/512/yolov8n_full_integer_quant_edgetpu.tflite,osnet_x0_25_market1501.pt,1,9.280913,112.603333,104.2,323.4
imprassoc,../tpu_weights/v8/512/yolov8n_full_integer_quant_edgetpu.tflite,osnet_x0_25_market1501.pt,2,6.320087,158.236666,156.4,163.0
imprassoc,../tpu_weights/v8/512/yolov8n_full_integer_quant_edgetpu.tflite,osnet_x0_25_market1501.pt,3,4.425119,226.266666,216.8,265.2
imprassoc,../tpu_weights/v8/512/yolov8n_full_integer_quant_edgetpu.tflite,osnet_x0_25_market1501.pt,4,3.770959,265.466666,257.6,300.3
imprassoc,../tpu_weights/v8/512/yolov8n_full_integer_quant_edgetpu.tflite,osnet_x0_25_market1501.pt,5,3.343686,299.183333,293.7,327.6
imprassoc,../tpu_weights/v8/512/yolov8n_full_integer_quant_edgetpu.tflite,lmbn_n_market.pt,1,3.147311,346.110000,305.0,1407.0
imprassoc,../tpu_weights/v8/512/yolov8n_full_integer_quant_edgetpu.tflite,lmbn_n_market.pt,2,1.756449,569.430000,558.1,585.3
imprassoc,../tpu_weights/v8/512/yolov8n_full_integer_quant_edgetpu.tflite,lmbn_n_market.pt,3,.998701,1002.906666,968.8,1227.5
imprassoc,../tpu_weights/v8/512/yolov8n_full_integer_quant_edgetpu.tflite,lmbn_n_market.pt,4,.809602,1239.146666,1195.8,1529.4
imprassoc,../tpu_weights/v8/512/yolov8n_full_integer_quant_edgetpu.tflite,lmbn_n_market.pt,5,.657374,1521.293333,1484.3,1540.3
imprassoc,../tpu_weights/v8/512/yolov8n_full_integer_quant_edgetpu.tflite,clip_market1501.pt,1,1.785097,868.510000,534.9,10321.8
imprassoc,../tpu_weights/v8/512/yolov8n_full_integer_quant_edgetpu.tflite,clip_market1501.pt,2,1.219065,820.356666,806.9,831.0
imprassoc,../tpu_weights/v8/512/yolov8n_full_integer_quant_edgetpu.tflite,clip_market1501.pt,3,.726383,1378.626666,1356.5,1673.5
imprassoc,../tpu_weights/v8/512/yolov8n_full_integer_quant_edgetpu.tflite,clip_market1501.pt,4,.589348,1700.206666,1663.5,2008.5
imprassoc,../tpu_weights/v8/512/yolov8n_full_integer_quant_edgetpu.tflite,clip_market1501.pt,5,.496316,2014.880000,1998.5,2035.5
imprassoc,../tpu_weights/v8/512/yolov8n_full_integer_quant_edgetpu.tflite,osnet_ibn_x1_0_msmt17.pt,1,4.448394,232.546666,215.4,590.0
imprassoc,../tpu_weights/v8/512/yolov8n_full_integer_quant_edgetpu.tflite,osnet_ibn_x1_0_msmt17.pt,2,2.609207,383.310000,371.4,392.2
imprassoc,../tpu_weights/v8/512/yolov8n_full_integer_quant_edgetpu.tflite,osnet_ibn_x1_0_msmt17.pt,3,1.382007,724.916666,697.3,902.2
imprassoc,../tpu_weights/v8/512/yolov8n_full_integer_quant_edgetpu.tflite,osnet_ibn_x1_0_msmt17.pt,4,1.125466,891.383333,856.4,1090.4
imprassoc,../tpu_weights/v8/512/yolov8n_full_integer_quant_edgetpu.tflite,osnet_ibn_x1_0_msmt17.pt,5,.921946,1084.783333,1066.1,1132.2
imprassoc,../tpu_weights/v8/512/yolov8n_full_integer_quant_edgetpu.tflite,osnet_ain_x1_0_msmt17.pt,1,4.502751,229.890000,214.5,591.3
imprassoc,../tpu_weights/v8/512/yolov8n_full_integer_quant_edgetpu.tflite,osnet_ain_x1_0_msmt17.pt,2,2.639564,378.890000,371.4,388.7
imprassoc,../tpu_weights/v8/512/yolov8n_full_integer_quant_edgetpu.tflite,osnet_ain_x1_0_msmt17.pt,3,1.413480,708.803333,676.9,874.3
imprassoc,../tpu_weights/v8/512/yolov8n_full_integer_quant_edgetpu.tflite,osnet_ain_x1_0_msmt17.pt,4,1.152130,870.653333,834.1,1077.2
imprassoc,../tpu_weights/v8/512/yolov8n_full_integer_quant_edgetpu.tflite,osnet_ain_x1_0_msmt17.pt,5,.944603,1058.750000,1034.3,1083.2
imprassoc,../tpu_weights/v8/512/yolov8s_full_integer_quant_edgetpu.tflite,osnet_x1_0_market1501.pt,1,3.850271,267.270000,248.8,634.5
imprassoc,../tpu_weights/v8/512/yolov8s_full_integer_quant_edgetpu.tflite,osnet_x1_0_market1501.pt,2,2.360071,423.753333,418.0,433.1
imprassoc,../tpu_weights/v8/512/yolov8s_full_integer_quant_edgetpu.tflite,osnet_x1_0_market1501.pt,3,1.329093,756.460000,716.1,912.6
imprassoc,../tpu_weights/v8/512/yolov8s_full_integer_quant_edgetpu.tflite,osnet_x1_0_market1501.pt,4,1.115638,897.796666,877.4,1107.8
imprassoc,../tpu_weights/v8/512/yolov8s_full_integer_quant_edgetpu.tflite,osnet_x1_0_market1501.pt,5,.915808,1093.143333,1059.6,1233.5
imprassoc,../tpu_weights/v8/512/yolov8s_full_integer_quant_edgetpu.tflite,osnet_x0_75_market1501.pt,1,4.711194,218.286666,204.6,512.7
imprassoc,../tpu_weights/v8/512/yolov8s_full_integer_quant_edgetpu.tflite,osnet_x0_75_market1501.pt,2,3.020975,331.036666,327.1,334.7
imprassoc,../tpu_weights/v8/512/yolov8s_full_integer_quant_edgetpu.tflite,osnet_x0_75_market1501.pt,3,1.749369,575.096666,541.9,708.6
imprassoc,../tpu_weights/v8/512/yolov8s_full_integer_quant_edgetpu.tflite,osnet_x0_75_market1501.pt,4,1.467839,681.996666,667.2,805.5
imprassoc,../tpu_weights/v8/512/yolov8s_full_integer_quant_edgetpu.tflite,osnet_x0_75_market1501.pt,5,1.251650,800.233333,778.6,930.2
imprassoc,../tpu_weights/v8/512/yolov8s_full_integer_quant_edgetpu.tflite,osnet_x0_5_market1501.pt,1,5.480100,187.196666,176.2,425.4
imprassoc,../tpu_weights/v8/512/yolov8s_full_integer_quant_edgetpu.tflite,osnet_x0_5_market1501.pt,2,3.796855,263.413333,256.9,269.4
imprassoc,../tpu_weights/v8/512/yolov8s_full_integer_quant_edgetpu.tflite,osnet_x0_5_market1501.pt,3,2.446008,410.236666,394.3,480.7
imprassoc,../tpu_weights/v8/512/yolov8s_full_integer_quant_edgetpu.tflite,osnet_x0_5_market1501.pt,4,2.094238,478.166666,467.5,580.7
imprassoc,../tpu_weights/v8/512/yolov8s_full_integer_quant_edgetpu.tflite,osnet_x0_5_market1501.pt,5,1.743691,574.223333,558.5,659.2
imprassoc,../tpu_weights/v8/512/yolov8s_full_integer_quant_edgetpu.tflite,osnet_x0_25_market1501.pt,1,6.921097,148.766666,140.2,357.3
imprassoc,../tpu_weights/v8/512/yolov8s_full_integer_quant_edgetpu.tflite,osnet_x0_25_market1501.pt,2,5.186636,192.810000,190.7,198.7
imprassoc,../tpu_weights/v8/512/yolov8s_full_integer_quant_edgetpu.tflite,osnet_x0_25_market1501.pt,3,3.783849,264.903333,252.7,302.1
imprassoc,../tpu_weights/v8/512/yolov8s_full_integer_quant_edgetpu.tflite,osnet_x0_25_market1501.pt,4,3.378461,296.123333,289.1,328.2
imprassoc,../tpu_weights/v8/512/yolov8s_full_integer_quant_edgetpu.tflite,osnet_x0_25_market1501.pt,5,3.015773,331.936666,321.3,372.2
imprassoc,../tpu_weights/v8/512/yolov8s_full_integer_quant_edgetpu.tflite,lmbn_n_market.pt,1,2.805420,385.256666,345.2,1483.4
imprassoc,../tpu_weights/v8/512/yolov8s_full_integer_quant_edgetpu.tflite,lmbn_n_market.pt,2,1.650437,605.983333,598.1,637.9
imprassoc,../tpu_weights/v8/512/yolov8s_full_integer_quant_edgetpu.tflite,lmbn_n_market.pt,3,.958793,1049.230000,1005.0,1278.4
imprassoc,../tpu_weights/v8/512/yolov8s_full_integer_quant_edgetpu.tflite,lmbn_n_market.pt,4,.795872,1258.403333,1235.5,1543.9
imprassoc,../tpu_weights/v8/512/yolov8s_full_integer_quant_edgetpu.tflite,lmbn_n_market.pt,5,.650502,1538.763333,1498.8,1719.0
imprassoc,../tpu_weights/v8/512/yolov8s_full_integer_quant_edgetpu.tflite,clip_market1501.pt,1,1.656314,911.876666,580.9,10397.4
imprassoc,../tpu_weights/v8/512/yolov8s_full_integer_quant_edgetpu.tflite,clip_market1501.pt,2,1.150467,869.246666,863.0,892.3
imprassoc,../tpu_weights/v8/512/yolov8s_full_integer_quant_edgetpu.tflite,clip_market1501.pt,3,.689735,1455.923333,1410.3,1714.9
imprassoc,../tpu_weights/v8/512/yolov8s_full_integer_quant_edgetpu.tflite,clip_market1501.pt,4,.580284,1725.016666,1706.1,2039.6
imprassoc,../tpu_weights/v8/512/yolov8s_full_integer_quant_edgetpu.tflite,clip_market1501.pt,5,.483674,2069.696666,2032.2,2337.2
imprassoc,../tpu_weights/v8/512/yolov8s_full_integer_quant_edgetpu.tflite,osnet_ibn_x1_0_msmt17.pt,1,3.867496,266.280000,248.0,640.1
imprassoc,../tpu_weights/v8/512/yolov8s_full_integer_quant_edgetpu.tflite,osnet_ibn_x1_0_msmt17.pt,2,2.377632,420.643333,413.1,437.7
imprassoc,../tpu_weights/v8/512/yolov8s_full_integer_quant_edgetpu.tflite,osnet_ibn_x1_0_msmt17.pt,3,1.309101,767.600000,732.7,917.2
imprassoc,../tpu_weights/v8/512/yolov8s_full_integer_quant_edgetpu.tflite,osnet_ibn_x1_0_msmt17.pt,4,1.100320,910.376666,889.2,1130.9
imprassoc,../tpu_weights/v8/512/yolov8s_full_integer_quant_edgetpu.tflite,osnet_ibn_x1_0_msmt17.pt,5,.891413,1122.940000,1090.6,1269.2
imprassoc,../tpu_weights/v8/512/yolov8s_full_integer_quant_edgetpu.tflite,osnet_ain_x1_0_msmt17.pt,1,3.831568,268.546666,251.4,638.3
imprassoc,../tpu_weights/v8/512/yolov8s_full_integer_quant_edgetpu.tflite,osnet_ain_x1_0_msmt17.pt,2,2.390885,418.326666,407.2,441.0
imprassoc,../tpu_weights/v8/512/yolov8s_full_integer_quant_edgetpu.tflite,osnet_ain_x1_0_msmt17.pt,3,1.341347,749.683333,715.0,918.2
imprassoc,../tpu_weights/v8/512/yolov8s_full_integer_quant_edgetpu.tflite,osnet_ain_x1_0_msmt17.pt,4,1.128730,887.770000,869.7,1120.4
imprassoc,../tpu_weights/v8/512/yolov8s_full_integer_quant_edgetpu.tflite,osnet_ain_x1_0_msmt17.pt,5,.919525,1089.043333,1050.2,1250.2
