Tracker,REID Model,YOLO Model,ImgSz,Status,HOTA,MOTA,IDF1,FPS,Elapsed_time
strongsort,osnet_x1_0_market1501.pt,yolov8n_runs_512p_450epoches.pt,512,OK,42.739,44.971,56.644,10.53,253.763240563
strongsort,osnet_x1_0_market1501.pt,yolov8s_runs_512p_450epoches.pt,512,OK,45.043,47.137,60.621,9.64,277.227662220
strongsort,osnet_x1_0_market1501.pt,yolov8m_runs_512p_450epoches.pt,512,OK,45.827,49.187,61.285,9.06,294.826477502
strongsort,osnet_x1_0_market1501.pt,yolov8l_runs_512p_450epoches.pt,512,OK,45.645,47.671,61.546,8.67,308.154878861
strongsort,osnet_x1_0_market1501.pt,yolov8x_runs_512p_450epoches.pt,512,OK,47.209,49.853,63.494,11.52,232.022462953
strongsort,osnet_x1_0_market1501.pt,yolov8n_runs_320p_600epoches.pt,320,OK,36.627,37.113,48.866,11.85,225.382297425
strongsort,osnet_x1_0_market1501.pt,yolov8s_runs_320p_600epoches.pt,320,OK,40.087,42.26,53.839,11.29,236.722828115
strongsort,osnet_x1_0_market1501.pt,yolov8m_runs_320p_600epoches.pt,320,OK,42.131,43.873,56.606,10.70,249.758102401
strongsort,osnet_x1_0_market1501.pt,yolov8l_runs_320p_600epoches.pt,320,OK,42.486,43.713,57.361,10.26,260.468907306
strongsort,osnet_x1_0_market1501.pt,yolov8x_runs_320p_600epoches.pt,320,OK,42.871,44.756,57.953,10.24,260.805244794
strongsort,osnet_x0_75_market1501.pt,yolov8n_runs_512p_450epoches.pt,512,OK,42.274,45.005,56.379,10.39,257.168714476
strongsort,osnet_x0_75_market1501.pt,yolov8s_runs_512p_450epoches.pt,512,OK,44.938,47.025,60.808,9.86,271.056604824
strongsort,osnet_x0_75_market1501.pt,yolov8m_runs_512p_450epoches.pt,512,OK,46.105,49.13,61.391,8.93,299.181410865
strongsort,osnet_x0_75_market1501.pt,yolov8l_runs_512p_450epoches.pt,512,OK,45.284,47.751,60.43,8.73,305.959663687
strongsort,osnet_x0_75_market1501.pt,yolov8x_runs_512p_450epoches.pt,512,OK,47.13,49.876,62.925,8.56,312.098272827
strongsort,osnet_x0_75_market1501.pt,yolov8n_runs_320p_600epoches.pt,320,OK,37.197,37.187,49.949,11.80,226.344356948
strongsort,osnet_x0_75_market1501.pt,yolov8s_runs_320p_600epoches.pt,320,OK,40.46,42.238,53.874,11.72,227.890108567
strongsort,osnet_x0_75_market1501.pt,yolov8m_runs_320p_600epoches.pt,320,OK,41.53,43.86,55.288,10.91,244.810461874
strongsort,osnet_x0_75_market1501.pt,yolov8l_runs_320p_600epoches.pt,320,OK,43.141,43.615,58.373,10.32,258.884509370
strongsort,osnet_x0_75_market1501.pt,yolov8x_runs_320p_600epoches.pt,320,OK,42.312,44.682,56.757,10.07,265.325566543
strongsort,osnet_x0_5_market1501.pt,yolov8n_runs_512p_450epoches.pt,512,OK,42.704,45.055,57.405,10.86,246.105973498
strongsort,osnet_x0_5_market1501.pt,yolov8s_runs_512p_450epoches.pt,512,OK,45.135,47.048,60.782,9.93,269.171426864
strongsort,osnet_x0_5_market1501.pt,yolov8m_runs_512p_450epoches.pt,512,OK,46.101,49.139,61.673,9.25,288.812088924
strongsort,osnet_x0_5_market1501.pt,yolov8l_runs_512p_450epoches.pt,512,OK,45.03,47.654,60.086,8.97,297.916849561
strongsort,osnet_x0_5_market1501.pt,yolov8x_runs_512p_450epoches.pt,512,OK,47.043,49.852,62.627,8.86,301.607712462
strongsort,osnet_x0_5_market1501.pt,yolov8n_runs_320p_600epoches.pt,320,OK,37.082,37.124,50.363,12.17,219.486588723
strongsort,osnet_x0_5_market1501.pt,yolov8s_runs_320p_600epoches.pt,320,OK,40.257,42.206,53.787,11.62,229.893625201
strongsort,osnet_x0_5_market1501.pt,yolov8m_runs_320p_600epoches.pt,320,OK,41.768,43.878,55.794,10.95,244.054137897
strongsort,osnet_x0_5_market1501.pt,yolov8l_runs_320p_600epoches.pt,320,OK,42.948,43.643,58.065,10.29,259.739531054
strongsort,osnet_x0_5_market1501.pt,yolov8x_runs_320p_600epoches.pt,320,OK,43.067,44.68,58.71,10.12,263.871379466
strongsort,osnet_x0_25_market1501.pt,yolov8n_runs_512p_450epoches.pt,512,OK,42.221,44.921,56.626,11.14,239.732721719
strongsort,osnet_x0_25_market1501.pt,yolov8s_runs_512p_450epoches.pt,512,OK,44.674,47.035,59.926,10.14,263.580383785
strongsort,osnet_x0_25_market1501.pt,yolov8m_runs_512p_450epoches.pt,512,OK,46.217,49.119,61.738,9.31,287.036780213
strongsort,osnet_x0_25_market1501.pt,yolov8l_runs_512p_450epoches.pt,512,OK,45.164,47.721,60.494,9.17,291.432772286
strongsort,osnet_x0_25_market1501.pt,yolov8x_runs_512p_450epoches.pt,512,OK,46.943,49.813,62.842,8.85,301.761009323
strongsort,osnet_x0_25_market1501.pt,yolov8n_runs_320p_600epoches.pt,320,OK,37.117,37.176,49.72,12.50,213.672309688
strongsort,osnet_x0_25_market1501.pt,yolov8s_runs_320p_600epoches.pt,320,OK,40.42,42.253,54.074,11.99,222.757099415
strongsort,osnet_x0_25_market1501.pt,yolov8m_runs_320p_600epoches.pt,320,OK,41.777,43.941,56.387,10.97,243.577112359
strongsort,osnet_x0_25_market1501.pt,yolov8l_runs_320p_600epoches.pt,320,OK,42.317,43.631,57.044,10.73,248.994520368
strongsort,osnet_x0_25_market1501.pt,yolov8x_runs_320p_600epoches.pt,320,OK,42.871,44.674,57.848,10.32,258.778462062
strongsort,clip_market1501.pt,yolov8n_runs_512p_450epoches.pt,512,OK,44.428,44.815,60.304,6.41,416.425898531
strongsort,clip_market1501.pt,yolov8s_runs_512p_450epoches.pt,512,OK,45.871,47.111,62.872,5.96,448.045764813
strongsort,clip_market1501.pt,yolov8m_runs_512p_450epoches.pt,512,OK,47.491,49.085,64.832,5.47,488.365069922
strongsort,clip_market1501.pt,yolov8l_runs_512p_450epoches.pt,512,OK,46.564,47.653,62.939,5.45,490.401711981
strongsort,clip_market1501.pt,yolov8x_runs_512p_450epoches.pt,512,OK,47.964,49.731,64.75,5.36,498.598693143
strongsort,clip_market1501.pt,yolov8n_runs_320p_600epoches.pt,320,OK,38.564,37.207,52.775,7.20,371.150584153
strongsort,clip_market1501.pt,yolov8s_runs_320p_600epoches.pt,320,OK,41.97,42.269,57.209,6.83,391.194102719
strongsort,clip_market1501.pt,yolov8m_runs_320p_600epoches.pt,320,OK,43.565,43.813,59.943,6.58,406.046052367
strongsort,clip_market1501.pt,yolov8l_runs_320p_600epoches.pt,320,OK,44.657,43.567,61.219,6.19,431.143070308
strongsort,clip_market1501.pt,yolov8x_runs_320p_600epoches.pt,320,OK,44.613,44.572,61.416,6.18,431.922934562
strongsort,lmbn_n_market.pt,yolov8n_runs_512p_450epoches.pt,512,OK,40.719,44.684,53.259,7.09,376.494494063
strongsort,lmbn_n_market.pt,yolov8s_runs_512p_450epoches.pt,512,OK,42.156,46.764,55.816,6.60,404.845366797
strongsort,lmbn_n_market.pt,yolov8m_runs_512p_450epoches.pt,512,OK,44.282,49.026,57.708,6.19,431.226286619
strongsort,lmbn_n_market.pt,yolov8l_runs_512p_450epoches.pt,512,OK,42.917,47.584,56.227,6.21,429.788015937
strongsort,lmbn_n_market.pt,yolov8x_runs_512p_450epoches.pt,512,OK,45.273,49.712,59.913,5.89,453.743489449
strongsort,lmbn_n_market.pt,yolov8n_runs_320p_600epoches.pt,320,OK,35.245,36.851,47.015,7.93,337.036809118
strongsort,lmbn_n_market.pt,yolov8s_runs_320p_600epoches.pt,320,OK,38.406,42.017,50.328,7.83,341.200372952
strongsort,lmbn_n_market.pt,yolov8m_runs_320p_600epoches.pt,320,OK,40.096,43.721,52.977,7.66,348.637379534
strongsort,lmbn_n_market.pt,yolov8l_runs_320p_600epoches.pt,320,OK,39.897,43.392,52.586,7.26,368.103049828
strongsort,lmbn_n_market.pt,yolov8x_runs_320p_600epoches.pt,320,OK,41.13,44.665,54.277,6.95,384.110000778
strongsort,clip_market1501.pt,yolov8n_runs_512p_450epoches.pt,512,OK,44.428,44.815,60.304,11.77,226.974933740
strongsort,clip_market1501.pt,yolov8s_runs_512p_450epoches.pt,512,OK,45.871,47.111,62.872,10.90,245.112912900
strongsort,clip_market1501.pt,yolov8m_runs_512p_450epoches.pt,512,OK,47.491,49.085,64.832,10.34,258.450798241
strongsort,clip_market1501.pt,yolov8l_runs_512p_450epoches.pt,512,OK,46.564,47.653,62.939,10.24,260.849809835
strongsort,clip_market1501.pt,yolov8x_runs_512p_450epoches.pt,512,OK,47.964,49.731,64.75,10.18,262.416088087
strongsort,clip_market1501.pt,yolov8n_runs_320p_600epoches.pt,320,OK,38.564,37.207,52.775,13.44,198.863824677
strongsort,clip_market1501.pt,yolov8s_runs_320p_600epoches.pt,320,OK,41.97,42.269,57.209,12.84,208.049961537
strongsort,clip_market1501.pt,yolov8m_runs_320p_600epoches.pt,320,OK,43.565,43.813,59.943,12.43,214.912586648
strongsort,clip_market1501.pt,yolov8l_runs_320p_600epoches.pt,320,OK,44.657,43.567,61.219,12.28,217.494416500
strongsort,clip_market1501.pt,yolov8x_runs_320p_600epoches.pt,320,OK,44.613,44.572,61.416,11.71,228.110916311
strongsort,osnet_ibn_x1_0_msmt17.pt,yolov8n_runs_512p_450epoches.pt,512,OK,43.664,44.884,59.48,10.16,262.933970653
strongsort,osnet_ibn_x1_0_msmt17.pt,yolov8s_runs_512p_450epoches.pt,512,OK,46.218,47.153,63.113,9.75,274.099860722
strongsort,osnet_ibn_x1_0_msmt17.pt,yolov8m_runs_512p_450epoches.pt,512,OK,47.185,49.145,64.099,8.91,299.846789085
strongsort,osnet_ibn_x1_0_msmt17.pt,yolov8l_runs_512p_450epoches.pt,512,OK,46.238,47.595,62.385,8.82,303.047557060
strongsort,osnet_ibn_x1_0_msmt17.pt,yolov8x_runs_512p_450epoches.pt,512,OK,47.947,49.733,64.787,8.40,318.097512784
strongsort,osnet_ibn_x1_0_msmt17.pt,yolov8n_runs_320p_600epoches.pt,320,OK,38.385,37.233,52.581,11.74,227.590910742
strongsort,osnet_ibn_x1_0_msmt17.pt,yolov8s_runs_320p_600epoches.pt,320,OK,41.994,42.193,57.344,11.53,231.692773307
strongsort,osnet_ibn_x1_0_msmt17.pt,yolov8m_runs_320p_600epoches.pt,320,OK,43.017,43.908,58.666,10.35,258.023650871
strongsort,osnet_ibn_x1_0_msmt17.pt,yolov8l_runs_320p_600epoches.pt,320,OK,44.163,43.598,60.529,10.27,260.166861960
strongsort,osnet_ibn_x1_0_msmt17.pt,yolov8x_runs_320p_600epoches.pt,320,OK,44.093,44.652,60.437,10.09,264.754541674
strongsort,osnet_ain_x1_0_msmt17.pt,yolov8n_runs_512p_450epoches.pt,512,OK,43.719,45.053,59.061,10.13,263.674779079
strongsort,osnet_ain_x1_0_msmt17.pt,yolov8s_runs_512p_450epoches.pt,512,OK,45.61,47.077,61.884,9.58,278.941967770
strongsort,osnet_ain_x1_0_msmt17.pt,yolov8m_runs_512p_450epoches.pt,512,OK,47.284,49.198,64.308,8.87,301.238317541
strongsort,osnet_ain_x1_0_msmt17.pt,yolov8l_runs_512p_450epoches.pt,512,OK,45.81,47.654,61.23,8.72,306.485191231
strongsort,osnet_ain_x1_0_msmt17.pt,yolov8x_runs_512p_450epoches.pt,512,OK,47.911,49.814,64.278,8.48,315.065578379
strongsort,osnet_ain_x1_0_msmt17.pt,yolov8n_runs_320p_600epoches.pt,320,OK,38.305,37.176,52.33,11.73,227.831814757
strongsort,osnet_ain_x1_0_msmt17.pt,yolov8s_runs_320p_600epoches.pt,320,OK,41.091,42.242,55.448,10.74,248.689215262
strongsort,osnet_ain_x1_0_msmt17.pt,yolov8m_runs_320p_600epoches.pt,320,OK,43.039,43.797,58.672,10.54,253.564321225
strongsort,osnet_ain_x1_0_msmt17.pt,yolov8l_runs_320p_600epoches.pt,320,OK,43.995,43.667,60.079,10.00,267.283822413
strongsort,osnet_ain_x1_0_msmt17.pt,yolov8x_runs_320p_600epoches.pt,320,OK,43.724,44.624,59.289,9.80,272.632563456
ocsort,osnet_x1_0_market1501.pt,yolov8n_runs_512p_450epoches.pt,512,OK,40.295,43.233,53.345,136.33,19.606217278
ocsort,osnet_x1_0_market1501.pt,yolov8s_runs_512p_450epoches.pt,512,OK,41.832,44.834,55.732,133.49,20.022544085
ocsort,osnet_x1_0_market1501.pt,yolov8m_runs_512p_450epoches.pt,512,OK,43.395,47.076,57.289,133.77,19.980917331
ocsort,osnet_x1_0_market1501.pt,yolov8l_runs_512p_450epoches.pt,512,OK,42.922,45.617,55.951,134.49,19.874691754
ocsort,osnet_x1_0_market1501.pt,yolov8x_runs_512p_450epoches.pt,512,OK,43.617,47.226,56.529,134.36,19.894106278
ocsort,osnet_x1_0_market1501.pt,yolov8n_runs_320p_600epoches.pt,320,OK,34.113,34.695,45.164,143.90,18.574301181
ocsort,osnet_x1_0_market1501.pt,yolov8s_runs_320p_600epoches.pt,320,OK,38.265,40.245,51.373,141.52,18.887614806
ocsort,osnet_x1_0_market1501.pt,yolov8m_runs_320p_600epoches.pt,320,OK,40.395,41.976,54.267,140.38,19.041117799
ocsort,osnet_x1_0_market1501.pt,yolov8l_runs_320p_600epoches.pt,320,OK,40.999,41.846,55.233,139.07,19.219208965
ocsort,osnet_x1_0_market1501.pt,yolov8x_runs_320p_600epoches.pt,320,OK,39.937,42.566,53.113,139.41,19.173231045
ocsort,osnet_x0_75_market1501.pt,yolov8n_runs_512p_450epoches.pt,512,OK,40.295,43.233,53.345,139.88,19.108469883
ocsort,osnet_x0_75_market1501.pt,yolov8s_runs_512p_450epoches.pt,512,OK,41.832,44.834,55.732,137.92,19.380189696
ocsort,osnet_x0_75_market1501.pt,yolov8m_runs_512p_450epoches.pt,512,OK,43.395,47.076,57.289,133.20,20.066596981
ocsort,osnet_x0_75_market1501.pt,yolov8l_runs_512p_450epoches.pt,512,OK,42.922,45.617,55.951,136.27,19.614799651
ocsort,osnet_x0_75_market1501.pt,yolov8x_runs_512p_450epoches.pt,512,OK,43.617,47.226,56.529,136.80,19.538392584
ocsort,osnet_x0_75_market1501.pt,yolov8n_runs_320p_600epoches.pt,320,OK,34.113,34.695,45.164,143.57,18.617512132
ocsort,osnet_x0_75_market1501.pt,yolov8s_runs_320p_600epoches.pt,320,OK,38.265,40.245,51.373,143.29,18.653735686
ocsort,osnet_x0_75_market1501.pt,yolov8m_runs_320p_600epoches.pt,320,OK,40.395,41.976,54.267,141.17,18.934560913
ocsort,osnet_x0_75_market1501.pt,yolov8l_runs_320p_600epoches.pt,320,OK,40.999,41.846,55.233,139.82,19.116455965
ocsort,osnet_x0_75_market1501.pt,yolov8x_runs_320p_600epoches.pt,320,OK,39.937,42.566,53.113,140.80,18.984218810
ocsort,osnet_x0_5_market1501.pt,yolov8n_runs_512p_450epoches.pt,512,OK,40.295,43.233,53.345,141.25,18.923497809
ocsort,osnet_x0_5_market1501.pt,yolov8s_runs_512p_450epoches.pt,512,OK,41.832,44.834,55.732,135.98,19.656522734
ocsort,osnet_x0_5_market1501.pt,yolov8m_runs_512p_450epoches.pt,512,OK,43.395,47.076,57.289,136.07,19.643748497
ocsort,osnet_x0_5_market1501.pt,yolov8l_runs_512p_450epoches.pt,512,OK,42.922,45.617,55.951,136.14,19.633188652
ocsort,osnet_x0_5_market1501.pt,yolov8x_runs_512p_450epoches.pt,512,OK,43.617,47.226,56.529,136.16,19.630937577
ocsort,osnet_x0_5_market1501.pt,yolov8n_runs_320p_600epoches.pt,320,OK,34.113,34.695,45.164,145.33,18.392194975
ocsort,osnet_x0_5_market1501.pt,yolov8s_runs_320p_600epoches.pt,320,OK,38.265,40.245,51.373,141.94,18.831597930
ocsort,osnet_x0_5_market1501.pt,yolov8m_runs_320p_600epoches.pt,320,OK,40.395,41.976,54.267,142.99,18.693488791
ocsort,osnet_x0_5_market1501.pt,yolov8l_runs_320p_600epoches.pt,320,OK,40.999,41.846,55.233,139.00,19.230074810
ocsort,osnet_x0_5_market1501.pt,yolov8x_runs_320p_600epoches.pt,320,OK,39.937,42.566,53.113,139.89,19.106887265
ocsort,osnet_x0_25_market1501.pt,yolov8n_runs_512p_450epoches.pt,512,OK,40.295,43.233,53.345,141.29,18.917321209
ocsort,osnet_x0_25_market1501.pt,yolov8s_runs_512p_450epoches.pt,512,OK,41.832,44.834,55.732,137.87,19.387058455
ocsort,osnet_x0_25_market1501.pt,yolov8m_runs_512p_450epoches.pt,512,OK,43.395,47.076,57.289,136.44,19.590228907
ocsort,osnet_x0_25_market1501.pt,yolov8l_runs_512p_450epoches.pt,512,OK,42.922,45.617,55.951,136.86,19.529935480
ocsort,osnet_x0_25_market1501.pt,yolov8x_runs_512p_450epoches.pt,512,OK,43.617,47.226,56.529,135.80,19.682500693
ocsort,osnet_x0_25_market1501.pt,yolov8n_runs_320p_600epoches.pt,320,OK,34.113,34.695,45.164,143.75,18.593966885
ocsort,osnet_x0_25_market1501.pt,yolov8s_runs_320p_600epoches.pt,320,OK,38.265,40.245,51.373,141.50,18.889151214
ocsort,osnet_x0_25_market1501.pt,yolov8m_runs_320p_600epoches.pt,320,OK,40.395,41.976,54.267,141.47,18.893401696
ocsort,osnet_x0_25_market1501.pt,yolov8l_runs_320p_600epoches.pt,320,OK,40.999,41.846,55.233,138.43,19.308339590
ocsort,osnet_x0_25_market1501.pt,yolov8x_runs_320p_600epoches.pt,320,OK,39.937,42.566,53.113,141.02,18.953804779
ocsort,clip_market1501.pt,yolov8n_runs_512p_450epoches.pt,512,OK,40.295,43.233,53.345,129.97,20.566122200
ocsort,clip_market1501.pt,yolov8s_runs_512p_450epoches.pt,512,OK,41.832,44.834,55.732,125.51,21.297060263
ocsort,clip_market1501.pt,yolov8m_runs_512p_450epoches.pt,512,OK,43.395,47.076,57.289,123.05,21.722011001
ocsort,clip_market1501.pt,yolov8l_runs_512p_450epoches.pt,512,OK,42.922,45.617,55.951,124.24,21.513855941
ocsort,clip_market1501.pt,yolov8x_runs_512p_450epoches.pt,512,OK,43.617,47.226,56.529,122.85,21.757299150
ocsort,clip_market1501.pt,yolov8n_runs_320p_600epoches.pt,320,OK,34.113,34.695,45.164,132.41,20.186815689
ocsort,clip_market1501.pt,yolov8s_runs_320p_600epoches.pt,320,OK,38.265,40.245,51.373,130.66,20.456365774
ocsort,clip_market1501.pt,yolov8m_runs_320p_600epoches.pt,320,OK,40.395,41.976,54.267,130.16,20.534716505
ocsort,clip_market1501.pt,yolov8l_runs_320p_600epoches.pt,320,OK,40.999,41.846,55.233,130.04,20.555053732
ocsort,clip_market1501.pt,yolov8x_runs_320p_600epoches.pt,320,OK,39.937,42.566,53.113,128.14,20.858515092
ocsort,lmbn_n_market.pt,yolov8n_runs_512p_450epoches.pt,512,OK,40.295,43.233,53.345,104.80,25.503479797
ocsort,lmbn_n_market.pt,yolov8s_runs_512p_450epoches.pt,512,OK,41.832,44.834,55.732,102.19,26.157077301
ocsort,lmbn_n_market.pt,yolov8m_runs_512p_450epoches.pt,512,OK,43.395,47.076,57.289,98.98,27.003380469
ocsort,lmbn_n_market.pt,yolov8l_runs_512p_450epoches.pt,512,OK,42.922,45.617,55.951,100.45,26.608609733
ocsort,lmbn_n_market.pt,yolov8x_runs_512p_450epoches.pt,512,OK,43.617,47.226,56.529,98.07,27.255447230
ocsort,lmbn_n_market.pt,yolov8n_runs_320p_600epoches.pt,320,OK,34.113,34.695,45.164,104.88,25.486106208
ocsort,lmbn_n_market.pt,yolov8s_runs_320p_600epoches.pt,320,OK,38.265,40.245,51.373,106.35,25.133981090
ocsort,lmbn_n_market.pt,yolov8m_runs_320p_600epoches.pt,320,OK,40.395,41.976,54.267,103.94,25.715920416
ocsort,lmbn_n_market.pt,yolov8l_runs_320p_600epoches.pt,320,OK,40.999,41.846,55.233,103.25,25.887505289
ocsort,lmbn_n_market.pt,yolov8x_runs_320p_600epoches.pt,320,OK,39.937,42.566,53.113,105.59,25.312855713
ocsort,clip_market1501.pt,yolov8n_runs_512p_450epoches.pt,512,OK,40.295,43.233,53.345,131.71,20.293344467
ocsort,clip_market1501.pt,yolov8s_runs_512p_450epoches.pt,512,OK,41.832,44.834,55.732,127.13,21.025582756
ocsort,clip_market1501.pt,yolov8m_runs_512p_450epoches.pt,512,OK,43.395,47.076,57.289,125.18,21.351851735
ocsort,clip_market1501.pt,yolov8l_runs_512p_450epoches.pt,512,OK,42.922,45.617,55.951,125.68,21.266690460
ocsort,clip_market1501.pt,yolov8x_runs_512p_450epoches.pt,512,OK,43.617,47.226,56.529,126.40,21.145524213
ocsort,clip_market1501.pt,yolov8n_runs_320p_600epoches.pt,320,OK,34.113,34.695,45.164,135.12,19.781869693
ocsort,clip_market1501.pt,yolov8s_runs_320p_600epoches.pt,320,OK,38.265,40.245,51.373,134.01,19.945403496
ocsort,clip_market1501.pt,yolov8m_runs_320p_600epoches.pt,320,OK,40.395,41.976,54.267,130.38,20.501177239
ocsort,clip_market1501.pt,yolov8l_runs_320p_600epoches.pt,320,OK,40.999,41.846,55.233,128.58,20.787775197
ocsort,clip_market1501.pt,yolov8x_runs_320p_600epoches.pt,320,OK,39.937,42.566,53.113,130.18,20.531882182
ocsort,osnet_ibn_x1_0_msmt17.pt,yolov8n_runs_512p_450epoches.pt,512,OK,40.295,43.233,53.345,141.36,18.909080337
ocsort,osnet_ibn_x1_0_msmt17.pt,yolov8s_runs_512p_450epoches.pt,512,OK,41.832,44.834,55.732,137.22,19.478375563
ocsort,osnet_ibn_x1_0_msmt17.pt,yolov8m_runs_512p_450epoches.pt,512,OK,43.395,47.076,57.289,138.19,19.342558121
ocsort,osnet_ibn_x1_0_msmt17.pt,yolov8l_runs_512p_450epoches.pt,512,OK,42.922,45.617,55.951,136.68,19.556549247
ocsort,osnet_ibn_x1_0_msmt17.pt,yolov8x_runs_512p_450epoches.pt,512,OK,43.617,47.226,56.529,134.42,19.884549736
ocsort,osnet_ibn_x1_0_msmt17.pt,yolov8n_runs_320p_600epoches.pt,320,OK,34.113,34.695,45.164,143.85,18.581481671
ocsort,osnet_ibn_x1_0_msmt17.pt,yolov8s_runs_320p_600epoches.pt,320,OK,38.265,40.245,51.373,143.24,18.659688684
ocsort,osnet_ibn_x1_0_msmt17.pt,yolov8m_runs_320p_600epoches.pt,320,OK,40.395,41.976,54.267,142.24,18.791070937
ocsort,osnet_ibn_x1_0_msmt17.pt,yolov8l_runs_320p_600epoches.pt,320,OK,40.999,41.846,55.233,139.18,19.204397637
ocsort,osnet_ibn_x1_0_msmt17.pt,yolov8x_runs_320p_600epoches.pt,320,OK,39.937,42.566,53.113,142.10,18.810446579
ocsort,osnet_ain_x1_0_msmt17.pt,yolov8n_runs_512p_450epoches.pt,512,OK,40.295,43.233,53.345,139.26,19.193845735
ocsort,osnet_ain_x1_0_msmt17.pt,yolov8s_runs_512p_450epoches.pt,512,OK,41.832,44.834,55.732,138.05,19.361821649
ocsort,osnet_ain_x1_0_msmt17.pt,yolov8m_runs_512p_450epoches.pt,512,OK,43.395,47.076,57.289,136.59,19.568393343
ocsort,osnet_ain_x1_0_msmt17.pt,yolov8l_runs_512p_450epoches.pt,512,OK,42.922,45.617,55.951,135.03,19.795136055
ocsort,osnet_ain_x1_0_msmt17.pt,yolov8x_runs_512p_450epoches.pt,512,OK,43.617,47.226,56.529,136.77,19.543389103
ocsort,osnet_ain_x1_0_msmt17.pt,yolov8n_runs_320p_600epoches.pt,320,OK,34.113,34.695,45.164,145.46,18.375550226
ocsort,osnet_ain_x1_0_msmt17.pt,yolov8s_runs_320p_600epoches.pt,320,OK,38.265,40.245,51.373,142.50,18.756814063
ocsort,osnet_ain_x1_0_msmt17.pt,yolov8m_runs_320p_600epoches.pt,320,OK,40.395,41.976,54.267,141.33,18.912616013
ocsort,osnet_ain_x1_0_msmt17.pt,yolov8l_runs_320p_600epoches.pt,320,OK,40.999,41.846,55.233,138.58,19.287479851
ocsort,osnet_ain_x1_0_msmt17.pt,yolov8x_runs_320p_600epoches.pt,320,OK,39.937,42.566,53.113,140.65,19.003334563
bytetrack,osnet_x1_0_market1501.pt,yolov8n_runs_512p_450epoches.pt,512,OK,41.618,44.069,55.765,147.40,18.134228803
bytetrack,osnet_x1_0_market1501.pt,yolov8s_runs_512p_450epoches.pt,512,OK,42.709,46.099,57.558,150.50,17.760021232
bytetrack,osnet_x1_0_market1501.pt,yolov8m_runs_512p_450epoches.pt,512,OK,43.624,48.068,57.316,150.29,17.784931506
bytetrack,osnet_x1_0_market1501.pt,yolov8l_runs_512p_450epoches.pt,512,OK,42.863,46.866,56.377,146.20,18.282839042
bytetrack,osnet_x1_0_market1501.pt,yolov8x_runs_512p_450epoches.pt,512,OK,44.89,48.493,59.242,146.40,18.257586088
bytetrack,osnet_x1_0_market1501.pt,yolov8n_runs_320p_600epoches.pt,320,OK,35.553,36.387,47.474,159.40,16.768999961
bytetrack,osnet_x1_0_market1501.pt,yolov8s_runs_320p_600epoches.pt,320,OK,38.979,41.386,52.651,158.32,16.883028530
bytetrack,osnet_x1_0_market1501.pt,yolov8m_runs_320p_600epoches.pt,320,OK,40.226,42.674,54.369,152.93,17.478474086
bytetrack,osnet_x1_0_market1501.pt,yolov8l_runs_320p_600epoches.pt,320,OK,40.595,42.535,54.163,156.00,17.134315914
bytetrack,osnet_x1_0_market1501.pt,yolov8x_runs_320p_600epoches.pt,320,OK,41.028,43.229,55.391,155.18,17.224286526
bytetrack,osnet_x0_75_market1501.pt,yolov8n_runs_512p_450epoches.pt,512,OK,41.618,44.069,55.765,153.82,17.377252498
bytetrack,osnet_x0_75_market1501.pt,yolov8s_runs_512p_450epoches.pt,512,OK,42.709,46.099,57.558,152.82,17.490928674
bytetrack,osnet_x0_75_market1501.pt,yolov8m_runs_512p_450epoches.pt,512,OK,43.624,48.068,57.316,152.33,17.547313512
bytetrack,osnet_x0_75_market1501.pt,yolov8l_runs_512p_450epoches.pt,512,OK,42.863,46.866,56.377,148.66,17.980553558
bytetrack,osnet_x0_75_market1501.pt,yolov8x_runs_512p_450epoches.pt,512,OK,44.89,48.493,59.242,149.07,17.930172693
bytetrack,osnet_x0_75_market1501.pt,yolov8n_runs_320p_600epoches.pt,320,OK,35.553,36.387,47.474,160.70,16.633297580
bytetrack,osnet_x0_75_market1501.pt,yolov8s_runs_320p_600epoches.pt,320,OK,38.979,41.386,52.651,159.10,16.799821980
bytetrack,osnet_x0_75_market1501.pt,yolov8m_runs_320p_600epoches.pt,320,OK,40.226,42.674,54.369,153.29,17.437324347
bytetrack,osnet_x0_75_market1501.pt,yolov8l_runs_320p_600epoches.pt,320,OK,40.595,42.535,54.163,157.50,16.970846986
bytetrack,osnet_x0_75_market1501.pt,yolov8x_runs_320p_600epoches.pt,320,OK,41.028,43.229,55.391,152.05,17.579196743
bytetrack,osnet_x0_5_market1501.pt,yolov8n_runs_512p_450epoches.pt,512,OK,41.618,44.069,55.765,152.54,17.522966394
bytetrack,osnet_x0_5_market1501.pt,yolov8s_runs_512p_450epoches.pt,512,OK,42.709,46.099,57.558,151.13,17.685610327
bytetrack,osnet_x0_5_market1501.pt,yolov8m_runs_512p_450epoches.pt,512,OK,43.624,48.068,57.316,152.60,17.516054620
bytetrack,osnet_x0_5_market1501.pt,yolov8l_runs_512p_450epoches.pt,512,OK,42.863,46.866,56.377,152.40,17.539195351
bytetrack,osnet_x0_5_market1501.pt,yolov8x_runs_512p_450epoches.pt,512,OK,44.89,48.493,59.242,153.54,17.408675539
bytetrack,osnet_x0_5_market1501.pt,yolov8n_runs_320p_600epoches.pt,320,OK,35.553,36.387,47.474,157.36,16.986524410
bytetrack,osnet_x0_5_market1501.pt,yolov8s_runs_320p_600epoches.pt,320,OK,38.979,41.386,52.651,155.76,17.160768820
bytetrack,osnet_x0_5_market1501.pt,yolov8m_runs_320p_600epoches.pt,320,OK,40.226,42.674,54.369,154.01,17.354920381
bytetrack,osnet_x0_5_market1501.pt,yolov8l_runs_320p_600epoches.pt,320,OK,40.595,42.535,54.163,157.47,16.974473606
bytetrack,osnet_x0_5_market1501.pt,yolov8x_runs_320p_600epoches.pt,320,OK,41.028,43.229,55.391,156.58,17.070769177
bytetrack,osnet_x0_25_market1501.pt,yolov8n_runs_512p_450epoches.pt,512,OK,41.618,44.069,55.765,157.08,17.015893808
bytetrack,osnet_x0_25_market1501.pt,yolov8s_runs_512p_450epoches.pt,512,OK,42.709,46.099,57.558,154.57,17.292403883
bytetrack,osnet_x0_25_market1501.pt,yolov8m_runs_512p_450epoches.pt,512,OK,43.624,48.068,57.316,149.03,17.935044913
bytetrack,osnet_x0_25_market1501.pt,yolov8l_runs_512p_450epoches.pt,512,OK,42.863,46.866,56.377,150.15,17.802154075
bytetrack,osnet_x0_25_market1501.pt,yolov8x_runs_512p_450epoches.pt,512,OK,44.89,48.493,59.242,149.67,17.858317628
bytetrack,osnet_x0_25_market1501.pt,yolov8n_runs_320p_600epoches.pt,320,OK,35.553,36.387,47.474,157.12,17.011757240
bytetrack,osnet_x0_25_market1501.pt,yolov8s_runs_320p_600epoches.pt,320,OK,38.979,41.386,52.651,155.45,17.194882587
bytetrack,osnet_x0_25_market1501.pt,yolov8m_runs_320p_600epoches.pt,320,OK,40.226,42.674,54.369,158.50,16.864221014
bytetrack,osnet_x0_25_market1501.pt,yolov8l_runs_320p_600epoches.pt,320,OK,40.595,42.535,54.163,153.85,17.373594223
bytetrack,osnet_x0_25_market1501.pt,yolov8x_runs_320p_600epoches.pt,320,OK,41.028,43.229,55.391,157.56,16.964364815
bytetrack,clip_market1501.pt,yolov8n_runs_512p_450epoches.pt,512,OK,41.618,44.069,55.765,141.29,18.917793731
bytetrack,clip_market1501.pt,yolov8s_runs_512p_450epoches.pt,512,OK,42.709,46.099,57.558,141.77,18.853267521
bytetrack,clip_market1501.pt,yolov8m_runs_512p_450epoches.pt,512,OK,43.624,48.068,57.316,135.36,19.747209610
bytetrack,clip_market1501.pt,yolov8l_runs_512p_450epoches.pt,512,OK,42.863,46.866,56.377,139.09,19.216579035
bytetrack,clip_market1501.pt,yolov8x_runs_512p_450epoches.pt,512,OK,44.89,48.493,59.242,139.95,19.099532358
bytetrack,clip_market1501.pt,yolov8n_runs_320p_600epoches.pt,320,OK,35.553,36.387,47.474,149.46,17.883293026
bytetrack,clip_market1501.pt,yolov8s_runs_320p_600epoches.pt,320,OK,38.979,41.386,52.651,146.17,18.285697725
bytetrack,clip_market1501.pt,yolov8m_runs_320p_600epoches.pt,320,OK,40.226,42.674,54.369,142.16,18.802252022
bytetrack,clip_market1501.pt,yolov8l_runs_320p_600epoches.pt,320,OK,40.595,42.535,54.163,140.85,18.977420324
bytetrack,clip_market1501.pt,yolov8x_runs_320p_600epoches.pt,320,OK,41.028,43.229,55.391,144.93,18.442126277
bytetrack,lmbn_n_market.pt,yolov8n_runs_512p_450epoches.pt,512,OK,41.618,44.069,55.765,111.18,24.041249092
bytetrack,lmbn_n_market.pt,yolov8s_runs_512p_450epoches.pt,512,OK,42.709,46.099,57.558,111.28,24.019160983
bytetrack,lmbn_n_market.pt,yolov8m_runs_512p_450epoches.pt,512,OK,43.624,48.068,57.316,104.86,25.488963600
bytetrack,lmbn_n_market.pt,yolov8l_runs_512p_450epoches.pt,512,OK,42.863,46.866,56.377,108.91,24.541449316
bytetrack,lmbn_n_market.pt,yolov8x_runs_512p_450epoches.pt,512,OK,44.89,48.493,59.242,106.73,25.042945816
bytetrack,lmbn_n_market.pt,yolov8n_runs_320p_600epoches.pt,320,OK,35.553,36.387,47.474,119.05,22.451823153
bytetrack,lmbn_n_market.pt,yolov8s_runs_320p_600epoches.pt,320,OK,38.979,41.386,52.651,117.50,22.748350040
bytetrack,lmbn_n_market.pt,yolov8m_runs_320p_600epoches.pt,320,OK,40.226,42.674,54.369,116.97,22.851313526
bytetrack,lmbn_n_market.pt,yolov8l_runs_320p_600epoches.pt,320,OK,40.595,42.535,54.163,109.55,24.397855052
bytetrack,lmbn_n_market.pt,yolov8x_runs_320p_600epoches.pt,320,OK,41.028,43.229,55.391,114.79,23.284951342
bytetrack,clip_market1501.pt,yolov8n_runs_512p_450epoches.pt,512,OK,41.618,44.069,55.765,142.81,18.716601019
bytetrack,clip_market1501.pt,yolov8s_runs_512p_450epoches.pt,512,OK,42.709,46.099,57.558,141.97,18.826992398
bytetrack,clip_market1501.pt,yolov8m_runs_512p_450epoches.pt,512,OK,43.624,48.068,57.316,139.99,19.093000567
bytetrack,clip_market1501.pt,yolov8l_runs_512p_450epoches.pt,512,OK,42.863,46.866,56.377,139.88,19.109181374
bytetrack,clip_market1501.pt,yolov8x_runs_512p_450epoches.pt,512,OK,44.89,48.493,59.242,138.52,19.296250308
bytetrack,clip_market1501.pt,yolov8n_runs_320p_600epoches.pt,320,OK,35.553,36.387,47.474,149.52,17.876098424
bytetrack,clip_market1501.pt,yolov8s_runs_320p_600epoches.pt,320,OK,38.979,41.386,52.651,148.16,18.040706894
bytetrack,clip_market1501.pt,yolov8m_runs_320p_600epoches.pt,320,OK,40.226,42.674,54.369,141.34,18.910755748
bytetrack,clip_market1501.pt,yolov8l_runs_320p_600epoches.pt,320,OK,40.595,42.535,54.163,143.23,18.661287208
bytetrack,clip_market1501.pt,yolov8x_runs_320p_600epoches.pt,320,OK,41.028,43.229,55.391,142.95,18.698802179
bytetrack,osnet_ibn_x1_0_msmt17.pt,yolov8n_runs_512p_450epoches.pt,512,OK,41.618,44.069,55.765,153.48,17.415738932
bytetrack,osnet_ibn_x1_0_msmt17.pt,yolov8s_runs_512p_450epoches.pt,512,OK,42.709,46.099,57.558,153.62,17.398974764
bytetrack,osnet_ibn_x1_0_msmt17.pt,yolov8m_runs_512p_450epoches.pt,512,OK,43.624,48.068,57.316,149.90,17.831181073
bytetrack,osnet_ibn_x1_0_msmt17.pt,yolov8l_runs_512p_450epoches.pt,512,OK,42.863,46.866,56.377,151.17,17.681380370
bytetrack,osnet_ibn_x1_0_msmt17.pt,yolov8x_runs_512p_450epoches.pt,512,OK,44.89,48.493,59.242,152.29,17.551082681
bytetrack,osnet_ibn_x1_0_msmt17.pt,yolov8n_runs_320p_600epoches.pt,320,OK,35.553,36.387,47.474,159.00,16.810320829
bytetrack,osnet_ibn_x1_0_msmt17.pt,yolov8s_runs_320p_600epoches.pt,320,OK,38.979,41.386,52.651,159.78,16.728668336
bytetrack,osnet_ibn_x1_0_msmt17.pt,yolov8m_runs_320p_600epoches.pt,320,OK,40.226,42.674,54.369,158.54,16.859150925
bytetrack,osnet_ibn_x1_0_msmt17.pt,yolov8l_runs_320p_600epoches.pt,320,OK,40.595,42.535,54.163,152.84,17.488257134
bytetrack,osnet_ibn_x1_0_msmt17.pt,yolov8x_runs_320p_600epoches.pt,320,OK,41.028,43.229,55.391,156.87,17.039313236
bytetrack,osnet_ain_x1_0_msmt17.pt,yolov8n_runs_512p_450epoches.pt,512,OK,41.618,44.069,55.765,158.06,16.910750267
bytetrack,osnet_ain_x1_0_msmt17.pt,yolov8s_runs_512p_450epoches.pt,512,OK,42.709,46.099,57.558,150.25,17.789245647
bytetrack,osnet_ain_x1_0_msmt17.pt,yolov8m_runs_512p_450epoches.pt,512,OK,43.624,48.068,57.316,153.60,17.401702730
bytetrack,osnet_ain_x1_0_msmt17.pt,yolov8l_runs_512p_450epoches.pt,512,OK,42.863,46.866,56.377,153.77,17.382246291
bytetrack,osnet_ain_x1_0_msmt17.pt,yolov8x_runs_512p_450epoches.pt,512,OK,44.89,48.493,59.242,150.38,17.774098440
bytetrack,osnet_ain_x1_0_msmt17.pt,yolov8n_runs_320p_600epoches.pt,320,OK,35.553,36.387,47.474,157.93,16.924500962
bytetrack,osnet_ain_x1_0_msmt17.pt,yolov8s_runs_320p_600epoches.pt,320,OK,38.979,41.386,52.651,160.49,16.655096047
bytetrack,osnet_ain_x1_0_msmt17.pt,yolov8m_runs_320p_600epoches.pt,320,OK,40.226,42.674,54.369,153.86,17.372676991
bytetrack,osnet_ain_x1_0_msmt17.pt,yolov8l_runs_320p_600epoches.pt,320,OK,40.595,42.535,54.163,158.45,16.868817866
bytetrack,osnet_ain_x1_0_msmt17.pt,yolov8x_runs_320p_600epoches.pt,320,OK,41.028,43.229,55.391,154.91,17.254605175
botsort,osnet_x1_0_market1501.pt,yolov8n_runs_512p_450epoches.pt,512,OK,42.706,45.183,56.982,81.85,32.654430316
botsort,osnet_x1_0_market1501.pt,yolov8s_runs_512p_450epoches.pt,512,OK,44.462,47.257,59.993,81.04,32.982336937
botsort,osnet_x1_0_market1501.pt,yolov8m_runs_512p_450epoches.pt,512,OK,46.397,49.438,61.392,79.92,33.444918485
botsort,osnet_x1_0_market1501.pt,yolov8l_runs_512p_450epoches.pt,512,OK,45.747,48.36,60.933,79.73,33.523963669
botsort,osnet_x1_0_market1501.pt,yolov8x_runs_512p_450epoches.pt,512,OK,47.102,50.065,62.769,79.62,33.569641586
botsort,osnet_x1_0_market1501.pt,yolov8n_runs_320p_600epoches.pt,320,OK,36.517,36.907,49.076,82.35,32.458193580
botsort,osnet_x1_0_market1501.pt,yolov8s_runs_320p_600epoches.pt,320,OK,40.09,42.422,54.079,81.54,32.777619190
botsort,osnet_x1_0_market1501.pt,yolov8m_runs_320p_600epoches.pt,320,OK,41.969,44.079,56.848,80.20,33.327976050
botsort,osnet_x1_0_market1501.pt,yolov8l_runs_320p_600epoches.pt,320,OK,42.41,43.873,57.113,80.78,33.088696352
botsort,osnet_x1_0_market1501.pt,yolov8x_runs_320p_600epoches.pt,320,OK,42.598,44.951,57.413,80.47,33.216281868
botsort,osnet_x0_75_market1501.pt,yolov8n_runs_512p_450epoches.pt,512,OK,42.689,45.192,57.115,80.43,33.233204011
botsort,osnet_x0_75_market1501.pt,yolov8s_runs_512p_450epoches.pt,512,OK,44.524,47.207,60.341,79.66,33.551810763
botsort,osnet_x0_75_market1501.pt,yolov8m_runs_512p_450epoches.pt,512,OK,46.253,49.441,61.2,78.25,34.156082197
botsort,osnet_x0_75_market1501.pt,yolov8l_runs_512p_450epoches.pt,512,OK,45.244,48.341,60.156,76.97,34.726073806
botsort,osnet_x0_75_market1501.pt,yolov8x_runs_512p_450epoches.pt,512,OK,47.127,50.15,63.019,79.03,33.819988624
botsort,osnet_x0_75_market1501.pt,yolov8n_runs_320p_600epoches.pt,320,OK,36.175,36.925,48.175,81.41,32.829986383
botsort,osnet_x0_75_market1501.pt,yolov8s_runs_320p_600epoches.pt,320,OK,40.318,42.435,54.326,80.99,33.002091920
botsort,osnet_x0_75_market1501.pt,yolov8m_runs_320p_600epoches.pt,320,OK,41.907,44.047,56.742,79.49,33.623527196
botsort,osnet_x0_75_market1501.pt,yolov8l_runs_320p_600epoches.pt,320,OK,42.422,43.847,57.129,78.64,33.987708175
botsort,osnet_x0_75_market1501.pt,yolov8x_runs_320p_600epoches.pt,320,OK,42.645,44.971,57.503,80.30,33.285101423
botsort,osnet_x0_5_market1501.pt,yolov8n_runs_512p_450epoches.pt,512,OK,42.617,45.227,57.202,78.10,34.221643775
botsort,osnet_x0_5_market1501.pt,yolov8s_runs_512p_450epoches.pt,512,OK,44.332,47.239,59.824,79.75,33.515382269
botsort,osnet_x0_5_market1501.pt,yolov8m_runs_512p_450epoches.pt,512,OK,46.125,49.471,61.042,76.40,34.983850660
botsort,osnet_x0_5_market1501.pt,yolov8l_runs_512p_450epoches.pt,512,OK,45.148,48.395,60.059,78.84,33.900369270
botsort,osnet_x0_5_market1501.pt,yolov8x_runs_512p_450epoches.pt,512,OK,46.972,50.154,62.714,76.89,34.763925701
botsort,osnet_x0_5_market1501.pt,yolov8n_runs_320p_600epoches.pt,320,OK,36.365,36.925,48.74,80.96,33.015158256
botsort,osnet_x0_5_market1501.pt,yolov8s_runs_320p_600epoches.pt,320,OK,40.301,42.414,54.306,81.32,32.867496163
botsort,osnet_x0_5_market1501.pt,yolov8m_runs_320p_600epoches.pt,320,OK,41.859,44.069,56.559,80.61,33.157193767
botsort,osnet_x0_5_market1501.pt,yolov8l_runs_320p_600epoches.pt,320,OK,42.749,43.854,57.615,78.66,33.979808221
botsort,osnet_x0_5_market1501.pt,yolov8x_runs_320p_600epoches.pt,320,OK,42.672,44.955,57.641,78.23,34.165362831
botsort,osnet_x0_25_market1501.pt,yolov8n_runs_512p_450epoches.pt,512,OK,42.496,45.203,56.8,80.24,33.311070505
botsort,osnet_x0_25_market1501.pt,yolov8s_runs_512p_450epoches.pt,512,OK,44.33,47.241,59.853,78.50,34.049194931
botsort,osnet_x0_25_market1501.pt,yolov8m_runs_512p_450epoches.pt,512,OK,46.291,49.402,61.486,77.62,34.434097316
botsort,osnet_x0_25_market1501.pt,yolov8l_runs_512p_450epoches.pt,512,OK,45.4,48.397,60.355,77.60,34.442242529
botsort,osnet_x0_25_market1501.pt,yolov8x_runs_512p_450epoches.pt,512,OK,46.996,50.069,62.507,79.01,33.827008058
botsort,osnet_x0_25_market1501.pt,yolov8n_runs_320p_600epoches.pt,320,OK,36.387,36.933,48.756,81.23,32.903434956
botsort,osnet_x0_25_market1501.pt,yolov8s_runs_320p_600epoches.pt,320,OK,40.193,42.425,54.101,81.30,32.877891541
botsort,osnet_x0_25_market1501.pt,yolov8m_runs_320p_600epoches.pt,320,OK,41.908,44.084,56.735,79.11,33.785900350
botsort,osnet_x0_25_market1501.pt,yolov8l_runs_320p_600epoches.pt,320,OK,42.285,43.862,56.902,79.66,33.553609504
botsort,osnet_x0_25_market1501.pt,yolov8x_runs_320p_600epoches.pt,320,OK,42.412,44.956,56.916,78.04,34.250134674
botsort,clip_market1501.pt,yolov8n_runs_512p_450epoches.pt,512,OK,42.986,45.218,57.457,60.38,44.269345176
botsort,clip_market1501.pt,yolov8s_runs_512p_450epoches.pt,512,OK,44.496,47.202,59.816,60.46,44.206362747
botsort,clip_market1501.pt,yolov8m_runs_512p_450epoches.pt,512,OK,45.922,49.499,61.22,58.97,45.325558140
botsort,clip_market1501.pt,yolov8l_runs_512p_450epoches.pt,512,OK,45.796,48.369,60.832,59.64,44.815083744
botsort,clip_market1501.pt,yolov8x_runs_512p_450epoches.pt,512,OK,47.425,50.156,63.43,59.60,44.844080453
botsort,clip_market1501.pt,yolov8n_runs_320p_600epoches.pt,320,OK,36.854,36.91,49.498,61.60,43.386990793
botsort,clip_market1501.pt,yolov8s_runs_320p_600epoches.pt,320,OK,40.389,42.42,54.461,61.75,43.282888825
botsort,clip_market1501.pt,yolov8m_runs_320p_600epoches.pt,320,OK,41.91,44.079,56.65,61.15,43.706940138
botsort,clip_market1501.pt,yolov8l_runs_320p_600epoches.pt,320,OK,42.445,43.873,57.24,60.06,44.499214276
botsort,clip_market1501.pt,yolov8x_runs_320p_600epoches.pt,320,OK,42.871,44.932,57.78,60.66,44.058625793
botsort,lmbn_n_market.pt,yolov8n_runs_512p_450epoches.pt,512,OK,41.994,45.157,55.743,63.75,41.925571264
botsort,lmbn_n_market.pt,yolov8s_runs_512p_450epoches.pt,512,OK,44.106,47.209,59.287,61.19,43.682096682
botsort,lmbn_n_market.pt,yolov8m_runs_512p_450epoches.pt,512,OK,45.758,49.352,60.635,61.42,43.518689394
botsort,lmbn_n_market.pt,yolov8l_runs_512p_450epoches.pt,512,OK,44.89,48.289,59.81,60.84,43.932296594
botsort,lmbn_n_market.pt,yolov8x_runs_512p_450epoches.pt,512,OK,46.752,50.154,62.04,61.88,43.194135627
botsort,lmbn_n_market.pt,yolov8n_runs_320p_600epoches.pt,320,OK,36.906,36.946,49.736,65.95,40.527086939
botsort,lmbn_n_market.pt,yolov8s_runs_320p_600epoches.pt,320,OK,40.216,42.409,53.958,65.31,40.927378813
botsort,lmbn_n_market.pt,yolov8m_runs_320p_600epoches.pt,320,OK,41.607,44.055,56.165,64.01,41.753312771
botsort,lmbn_n_market.pt,yolov8l_runs_320p_600epoches.pt,320,OK,42.498,43.878,57.126,64.24,41.608861647
botsort,lmbn_n_market.pt,yolov8x_runs_320p_600epoches.pt,320,OK,42.598,44.943,57.436,62.78,42.574330138
botsort,clip_market1501.pt,yolov8n_runs_512p_450epoches.pt,512,OK,42.986,45.218,57.457,60.35,44.285934654
botsort,clip_market1501.pt,yolov8s_runs_512p_450epoches.pt,512,OK,44.496,47.202,59.816,60.42,44.239845721
botsort,clip_market1501.pt,yolov8m_runs_512p_450epoches.pt,512,OK,45.922,49.499,61.22,58.62,45.595035465
botsort,clip_market1501.pt,yolov8l_runs_512p_450epoches.pt,512,OK,45.796,48.369,60.832,58.57,45.630602487
botsort,clip_market1501.pt,yolov8x_runs_512p_450epoches.pt,512,OK,47.425,50.156,63.43,59.74,44.738065297
botsort,clip_market1501.pt,yolov8n_runs_320p_600epoches.pt,320,OK,36.854,36.91,49.498,61.31,43.592585330
botsort,clip_market1501.pt,yolov8s_runs_320p_600epoches.pt,320,OK,40.389,42.42,54.461,61.14,43.717471038
botsort,clip_market1501.pt,yolov8m_runs_320p_600epoches.pt,320,OK,41.91,44.079,56.65,59.08,45.236108958
botsort,clip_market1501.pt,yolov8l_runs_320p_600epoches.pt,320,OK,42.445,43.873,57.24,60.59,44.113330842
botsort,clip_market1501.pt,yolov8x_runs_320p_600epoches.pt,320,OK,42.871,44.932,57.78,60.14,44.442421668
botsort,osnet_ibn_x1_0_msmt17.pt,yolov8n_runs_512p_450epoches.pt,512,OK,42.684,45.194,57.144,79.63,33.567734912
botsort,osnet_ibn_x1_0_msmt17.pt,yolov8s_runs_512p_450epoches.pt,512,OK,44.546,47.157,60.174,78.29,34.142196372
botsort,osnet_ibn_x1_0_msmt17.pt,yolov8m_runs_512p_450epoches.pt,512,OK,45.985,49.43,60.869,78.16,34.195960312
botsort,osnet_ibn_x1_0_msmt17.pt,yolov8l_runs_512p_450epoches.pt,512,OK,45.365,48.304,60.088,77.94,34.295062668
botsort,osnet_ibn_x1_0_msmt17.pt,yolov8x_runs_512p_450epoches.pt,512,OK,47.238,50.098,63.169,78.79,33.922471589
botsort,osnet_ibn_x1_0_msmt17.pt,yolov8n_runs_320p_600epoches.pt,320,OK,37.023,36.957,49.938,81.49,32.799511364
botsort,osnet_ibn_x1_0_msmt17.pt,yolov8s_runs_320p_600epoches.pt,320,OK,40.349,42.468,54.519,80.77,33.090749192
botsort,osnet_ibn_x1_0_msmt17.pt,yolov8m_runs_320p_600epoches.pt,320,OK,42.104,44.101,57.046,77.79,34.359862253
botsort,osnet_ibn_x1_0_msmt17.pt,yolov8l_runs_320p_600epoches.pt,320,OK,42.633,43.839,57.406,79.82,33.485453971
botsort,osnet_ibn_x1_0_msmt17.pt,yolov8x_runs_320p_600epoches.pt,320,OK,42.871,44.975,57.817,80.37,33.257885097
botsort,osnet_ain_x1_0_msmt17.pt,yolov8n_runs_512p_450epoches.pt,512,OK,42.706,45.209,57.02,80.17,33.339588030
botsort,osnet_ain_x1_0_msmt17.pt,yolov8s_runs_512p_450epoches.pt,512,OK,44.44,47.17,59.86,79.20,33.746941294
botsort,osnet_ain_x1_0_msmt17.pt,yolov8m_runs_512p_450epoches.pt,512,OK,45.956,49.456,60.949,78.55,34.025630753
botsort,osnet_ain_x1_0_msmt17.pt,yolov8l_runs_512p_450epoches.pt,512,OK,45.428,48.295,60.305,77.45,34.510783107
botsort,osnet_ain_x1_0_msmt17.pt,yolov8x_runs_512p_450epoches.pt,512,OK,47.664,50.165,63.901,78.93,33.864516129
botsort,osnet_ain_x1_0_msmt17.pt,yolov8n_runs_320p_600epoches.pt,320,OK,37.289,36.998,50.254,79.19,33.752663167
botsort,osnet_ain_x1_0_msmt17.pt,yolov8s_runs_320p_600epoches.pt,320,OK,40.271,42.416,54.3,80.37,33.257186810
botsort,osnet_ain_x1_0_msmt17.pt,yolov8m_runs_320p_600epoches.pt,320,OK,42.274,44.09,57.198,80.14,33.352417918
botsort,osnet_ain_x1_0_msmt17.pt,yolov8l_runs_320p_600epoches.pt,320,OK,42.757,43.852,57.571,79.91,33.448536608
botsort,osnet_ain_x1_0_msmt17.pt,yolov8x_runs_320p_600epoches.pt,320,OK,42.688,44.951,57.573,79.48,33.627493129
deepocsort,osnet_x1_0_market1501.pt,yolov8n_runs_512p_450epoches.pt,512,OK,40.918,43.721,54.552,94.03,28.426974899
deepocsort,osnet_x1_0_market1501.pt,yolov8s_runs_512p_450epoches.pt,512,OK,41.85,45.739,55.98,93.61,28.551815352
deepocsort,osnet_x1_0_market1501.pt,yolov8m_runs_512p_450epoches.pt,512,OK,44.189,48.044,58.274,92.48,28.902182877
deepocsort,osnet_x1_0_market1501.pt,yolov8l_runs_512p_450epoches.pt,512,OK,43.689,46.357,57.133,89.13,29.987944471
deepocsort,osnet_x1_0_market1501.pt,yolov8x_runs_512p_450epoches.pt,512,OK,45.061,48.267,59.772,92.06,29.033642142
deepocsort,osnet_x1_0_market1501.pt,yolov8n_runs_320p_600epoches.pt,320,OK,34.626,36.281,46.124,96.31,27.751872452
deepocsort,osnet_x1_0_market1501.pt,yolov8s_runs_320p_600epoches.pt,320,OK,38.68,41.201,51.663,94.60,28.253483485
deepocsort,osnet_x1_0_market1501.pt,yolov8m_runs_320p_600epoches.pt,320,OK,39.981,42.813,53.74,95.61,27.956109572
deepocsort,osnet_x1_0_market1501.pt,yolov8l_runs_320p_600epoches.pt,320,OK,41.222,42.741,55.517,93.76,28.506072704
deepocsort,osnet_x1_0_market1501.pt,yolov8x_runs_320p_600epoches.pt,320,OK,40.032,43.522,53.352,93.79,28.498851801
deepocsort,osnet_x0_75_market1501.pt,yolov8n_runs_512p_450epoches.pt,512,OK,40.936,43.719,54.565,93.61,28.554586666
deepocsort,osnet_x0_75_market1501.pt,yolov8s_runs_512p_450epoches.pt,512,OK,42.123,45.745,56.172,92.69,28.836485675
deepocsort,osnet_x0_75_market1501.pt,yolov8m_runs_512p_450epoches.pt,512,OK,44.163,48.029,58.222,92.92,28.764844148
deepocsort,osnet_x0_75_market1501.pt,yolov8l_runs_512p_450epoches.pt,512,OK,43.41,46.337,56.642,91.44,29.229437267
deepocsort,osnet_x0_75_market1501.pt,yolov8x_runs_512p_450epoches.pt,512,OK,45.075,48.28,59.795,93.08,28.716394311
deepocsort,osnet_x0_75_market1501.pt,yolov8n_runs_320p_600epoches.pt,320,OK,34.462,36.278,45.758,95.48,27.993093586
deepocsort,osnet_x0_75_market1501.pt,yolov8s_runs_320p_600epoches.pt,320,OK,38.637,41.189,51.581,90.92,29.399184985
deepocsort,osnet_x0_75_market1501.pt,yolov8m_runs_320p_600epoches.pt,320,OK,40.007,42.811,53.754,96.10,27.814561852
deepocsort,osnet_x0_75_market1501.pt,yolov8l_runs_320p_600epoches.pt,320,OK,41.132,42.748,55.371,95.14,28.093901759
deepocsort,osnet_x0_75_market1501.pt,yolov8x_runs_320p_600epoches.pt,320,OK,40.019,43.485,53.343,94.09,28.407749819
deepocsort,osnet_x0_5_market1501.pt,yolov8n_runs_512p_450epoches.pt,512,OK,40.945,43.732,54.587,93.46,28.598405691
deepocsort,osnet_x0_5_market1501.pt,yolov8s_runs_512p_450epoches.pt,512,OK,42.059,45.793,56.141,91.86,29.097510658
deepocsort,osnet_x0_5_market1501.pt,yolov8m_runs_512p_450epoches.pt,512,OK,44.125,48.052,58.15,81.38,32.843608392
deepocsort,osnet_x0_5_market1501.pt,yolov8l_runs_512p_450epoches.pt,512,OK,43.692,46.341,57.136,92.61,28.860211125
deepocsort,osnet_x0_5_market1501.pt,yolov8x_runs_512p_450epoches.pt,512,OK,45.059,48.265,59.772,92.98,28.747100361
deepocsort,osnet_x0_5_market1501.pt,yolov8n_runs_320p_600epoches.pt,320,OK,34.482,36.235,45.811,93.23,28.668070574
deepocsort,osnet_x0_5_market1501.pt,yolov8s_runs_320p_600epoches.pt,320,OK,38.644,41.206,51.596,93.76,28.508796547
deepocsort,osnet_x0_5_market1501.pt,yolov8m_runs_320p_600epoches.pt,320,OK,40.024,42.804,53.789,94.61,28.251338069
deepocsort,osnet_x0_5_market1501.pt,yolov8l_runs_320p_600epoches.pt,320,OK,41.084,42.746,55.303,94.45,28.300478022
deepocsort,osnet_x0_5_market1501.pt,yolov8x_runs_320p_600epoches.pt,320,OK,40.002,43.487,53.32,94.41,28.311652906
deepocsort,osnet_x0_25_market1501.pt,yolov8n_runs_512p_450epoches.pt,512,OK,40.921,43.73,54.575,94.16,28.385253126
deepocsort,osnet_x0_25_market1501.pt,yolov8s_runs_512p_450epoches.pt,512,OK,42.205,45.758,56.331,92.96,28.753389727
deepocsort,osnet_x0_25_market1501.pt,yolov8m_runs_512p_450epoches.pt,512,OK,44.131,48.05,58.144,92.18,28.995523565
deepocsort,osnet_x0_25_market1501.pt,yolov8l_runs_512p_450epoches.pt,512,OK,43.657,46.354,57.056,92.62,28.859000169
deepocsort,osnet_x0_25_market1501.pt,yolov8x_runs_512p_450epoches.pt,512,OK,45.069,48.274,59.779,90.44,29.553880663
deepocsort,osnet_x0_25_market1501.pt,yolov8n_runs_320p_600epoches.pt,320,OK,34.666,36.246,46.098,95.49,27.990069381
deepocsort,osnet_x0_25_market1501.pt,yolov8s_runs_320p_600epoches.pt,320,OK,38.664,41.197,51.629,94.98,28.140866870
deepocsort,osnet_x0_25_market1501.pt,yolov8m_runs_320p_600epoches.pt,320,OK,39.957,42.8,53.714,95.86,27.882330720
deepocsort,osnet_x0_25_market1501.pt,yolov8l_runs_320p_600epoches.pt,320,OK,41.179,42.759,55.384,86.47,30.911162940
deepocsort,osnet_x0_25_market1501.pt,yolov8x_runs_320p_600epoches.pt,320,OK,39.981,43.502,53.241,94.53,28.275456514
deepocsort,clip_market1501.pt,yolov8n_runs_512p_450epoches.pt,512,OK,40.977,43.743,54.678,67.66,39.505516583
deepocsort,clip_market1501.pt,yolov8s_runs_512p_450epoches.pt,512,OK,42.298,45.806,56.696,67.35,39.686896922
deepocsort,clip_market1501.pt,yolov8m_runs_512p_450epoches.pt,512,OK,44.168,48.098,58.32,63.63,42.004938349
deepocsort,clip_market1501.pt,yolov8l_runs_512p_450epoches.pt,512,OK,43.509,46.369,56.768,66.73,40.053437750
deepocsort,clip_market1501.pt,yolov8x_runs_512p_450epoches.pt,512,OK,45.044,48.271,59.713,65.82,40.610395870
deepocsort,clip_market1501.pt,yolov8n_runs_320p_600epoches.pt,320,OK,34.687,36.216,46.298,69.64,38.378436437
deepocsort,clip_market1501.pt,yolov8s_runs_320p_600epoches.pt,320,OK,38.752,41.219,51.607,68.19,39.196439778
deepocsort,clip_market1501.pt,yolov8m_runs_320p_600epoches.pt,320,OK,40.359,42.86,54.437,68.82,38.836500880
deepocsort,clip_market1501.pt,yolov8l_runs_320p_600epoches.pt,320,OK,41.287,42.746,55.481,69.75,38.317540747
deepocsort,clip_market1501.pt,yolov8x_runs_320p_600epoches.pt,320,OK,40.068,43.479,53.437,67.85,39.394475256
deepocsort,lmbn_n_market.pt,yolov8n_runs_512p_450epoches.pt,512,OK,40.906,43.689,54.412,73.35,36.438138114
deepocsort,lmbn_n_market.pt,yolov8s_runs_512p_450epoches.pt,512,OK,42.196,45.743,56.353,67.49,39.604555764
deepocsort,lmbn_n_market.pt,yolov8m_runs_512p_450epoches.pt,512,OK,44.088,48.026,58.125,68.59,38.965559133
deepocsort,lmbn_n_market.pt,yolov8l_runs_512p_450epoches.pt,512,OK,43.523,46.313,56.857,70.52,37.899866438
deepocsort,lmbn_n_market.pt,yolov8x_runs_512p_450epoches.pt,512,OK,45.059,48.269,59.713,70.93,37.681227166
deepocsort,lmbn_n_market.pt,yolov8n_runs_320p_600epoches.pt,320,OK,34.342,36.209,45.597,76.51,34.933057079
deepocsort,lmbn_n_market.pt,yolov8s_runs_320p_600epoches.pt,320,OK,38.595,41.173,51.439,75.09,35.595922067
deepocsort,lmbn_n_market.pt,yolov8m_runs_320p_600epoches.pt,320,OK,40.005,42.795,53.835,70.64,37.837461968
deepocsort,lmbn_n_market.pt,yolov8l_runs_320p_600epoches.pt,320,OK,41.078,42.726,55.253,75.15,35.564835533
deepocsort,lmbn_n_market.pt,yolov8x_runs_320p_600epoches.pt,320,OK,40.013,43.464,53.34,73.81,36.211858321
deepocsort,clip_market1501.pt,yolov8n_runs_512p_450epoches.pt,512,OK,40.977,43.743,54.678,68.46,39.042068028
deepocsort,clip_market1501.pt,yolov8s_runs_512p_450epoches.pt,512,OK,42.298,45.806,56.696,66.70,40.073134575
deepocsort,clip_market1501.pt,yolov8m_runs_512p_450epoches.pt,512,OK,44.168,48.098,58.32,67.49,39.601666329
deepocsort,clip_market1501.pt,yolov8l_runs_512p_450epoches.pt,512,OK,43.509,46.369,56.768,67.69,39.483431729
deepocsort,clip_market1501.pt,yolov8x_runs_512p_450epoches.pt,512,OK,45.044,48.271,59.713,67.20,39.774124521
deepocsort,clip_market1501.pt,yolov8n_runs_320p_600epoches.pt,320,OK,34.687,36.216,46.298,69.97,38.199592922
deepocsort,clip_market1501.pt,yolov8s_runs_320p_600epoches.pt,320,OK,38.752,41.219,51.607,69.60,38.404380966
deepocsort,clip_market1501.pt,yolov8m_runs_320p_600epoches.pt,320,OK,40.359,42.86,54.437,69.49,38.465249413
deepocsort,clip_market1501.pt,yolov8l_runs_320p_600epoches.pt,320,OK,41.287,42.746,55.481,68.80,38.851168605
deepocsort,clip_market1501.pt,yolov8x_runs_320p_600epoches.pt,320,OK,40.068,43.479,53.437,68.93,38.778253777
deepocsort,osnet_ibn_x1_0_msmt17.pt,yolov8n_runs_512p_450epoches.pt,512,OK,40.988,43.752,54.675,94.17,28.384499631
deepocsort,osnet_ibn_x1_0_msmt17.pt,yolov8s_runs_512p_450epoches.pt,512,OK,42.169,45.79,56.3,92.87,28.780089942
deepocsort,osnet_ibn_x1_0_msmt17.pt,yolov8m_runs_512p_450epoches.pt,512,OK,44.34,48.048,58.576,86.69,30.833707288
deepocsort,osnet_ibn_x1_0_msmt17.pt,yolov8l_runs_512p_450epoches.pt,512,OK,43.7,46.35,57.047,92.58,28.871377029
deepocsort,osnet_ibn_x1_0_msmt17.pt,yolov8x_runs_512p_450epoches.pt,512,OK,45.038,48.239,59.699,92.74,28.822003625
deepocsort,osnet_ibn_x1_0_msmt17.pt,yolov8n_runs_320p_600epoches.pt,320,OK,34.7,36.24,46.523,95.03,28.125415850
deepocsort,osnet_ibn_x1_0_msmt17.pt,yolov8s_runs_320p_600epoches.pt,320,OK,38.54,41.189,51.334,94.60,28.253474606
deepocsort,osnet_ibn_x1_0_msmt17.pt,yolov8m_runs_320p_600epoches.pt,320,OK,40.205,42.8,54.081,92.29,28.961915397
deepocsort,osnet_ibn_x1_0_msmt17.pt,yolov8l_runs_320p_600epoches.pt,320,OK,41.044,42.759,55.262,94.26,28.354774210
deepocsort,osnet_ibn_x1_0_msmt17.pt,yolov8x_runs_320p_600epoches.pt,320,OK,40.031,43.503,53.38,94.32,28.337770242
deepocsort,osnet_ain_x1_0_msmt17.pt,yolov8n_runs_512p_450epoches.pt,512,OK,40.973,43.704,54.679,88.71,30.130903805
deepocsort,osnet_ain_x1_0_msmt17.pt,yolov8s_runs_512p_450epoches.pt,512,OK,42.137,45.762,56.281,91.18,29.313033929
deepocsort,osnet_ain_x1_0_msmt17.pt,yolov8m_runs_512p_450epoches.pt,512,OK,44.131,48.048,58.233,91.82,29.109199580
deepocsort,osnet_ain_x1_0_msmt17.pt,yolov8l_runs_512p_450epoches.pt,512,OK,43.726,46.344,57.062,91.29,29.277999997
deepocsort,osnet_ain_x1_0_msmt17.pt,yolov8x_runs_512p_450epoches.pt,512,OK,45.051,48.256,59.754,92.31,28.954702938
deepocsort,osnet_ain_x1_0_msmt17.pt,yolov8n_runs_320p_600epoches.pt,320,OK,34.508,36.272,45.853,95.50,27.987815038
deepocsort,osnet_ain_x1_0_msmt17.pt,yolov8s_runs_320p_600epoches.pt,320,OK,38.674,41.23,51.651,93.51,28.583067287
deepocsort,osnet_ain_x1_0_msmt17.pt,yolov8m_runs_320p_600epoches.pt,320,OK,40.043,42.793,53.855,95.28,28.053983498
deepocsort,osnet_ain_x1_0_msmt17.pt,yolov8l_runs_320p_600epoches.pt,320,OK,41.175,42.741,55.391,94.21,28.372092895
deepocsort,osnet_ain_x1_0_msmt17.pt,yolov8x_runs_320p_600epoches.pt,320,OK,40.01,43.483,53.333,90.97,29.380461916
imprassoc,osnet_x1_0_market1501.pt,yolov8n_runs_512p_450epoches.pt,512,OK,41.37,44.682,52.98,102.39,26.105772098
imprassoc,osnet_x1_0_market1501.pt,yolov8s_runs_512p_450epoches.pt,512,OK,41.813,47.139,53.58,104.75,25.515730357
imprassoc,osnet_x1_0_market1501.pt,yolov8m_runs_512p_450epoches.pt,512,OK,43.359,49.052,55.296,103.18,25.905874036
imprassoc,osnet_x1_0_market1501.pt,yolov8l_runs_512p_450epoches.pt,512,OK,42.677,47.476,53.776,104.25,25.639595613
imprassoc,osnet_x1_0_market1501.pt,yolov8x_runs_512p_450epoches.pt,512,OK,44.102,49.434,56.102,104.72,25.523632203
imprassoc,osnet_x1_0_market1501.pt,yolov8n_runs_320p_600epoches.pt,320,OK,34.73,37.285,44.3,108.63,24.604699665
imprassoc,osnet_x1_0_market1501.pt,yolov8s_runs_320p_600epoches.pt,320,OK,38.099,42.05,49.114,107.84,24.785421095
imprassoc,osnet_x1_0_market1501.pt,yolov8m_runs_320p_600epoches.pt,320,OK,39.185,43.828,50.274,106.60,25.072924422
imprassoc,osnet_x1_0_market1501.pt,yolov8l_runs_320p_600epoches.pt,320,OK,39.576,43.732,50.3,104.64,25.543590120
imprassoc,osnet_x1_0_market1501.pt,yolov8x_runs_320p_600epoches.pt,320,OK,39.558,44.654,50.019,103.83,25.743954079
imprassoc,osnet_x0_75_market1501.pt,yolov8n_runs_512p_450epoches.pt,512,OK,41.219,45.027,52.974,107.36,24.897229054
imprassoc,osnet_x0_75_market1501.pt,yolov8s_runs_512p_450epoches.pt,512,OK,41.941,47.089,53.879,105.67,25.294246834
imprassoc,osnet_x0_75_market1501.pt,yolov8m_runs_512p_450epoches.pt,512,OK,43.206,49.044,54.988,104.71,25.526036611
imprassoc,osnet_x0_75_market1501.pt,yolov8l_runs_512p_450epoches.pt,512,OK,42.579,47.597,53.566,104.68,25.533122074
imprassoc,osnet_x0_75_market1501.pt,yolov8x_runs_512p_450epoches.pt,512,OK,44.298,49.427,56.422,105.40,25.360054924
imprassoc,osnet_x0_75_market1501.pt,yolov8n_runs_320p_600epoches.pt,320,OK,34.473,37.322,43.76,107.75,24.805712122
imprassoc,osnet_x0_75_market1501.pt,yolov8s_runs_320p_600epoches.pt,320,OK,38.143,42.123,49.232,108.88,24.547890331
imprassoc,osnet_x0_75_market1501.pt,yolov8m_runs_320p_600epoches.pt,320,OK,39.465,43.83,50.694,107.38,24.891847436
imprassoc,osnet_x0_75_market1501.pt,yolov8l_runs_320p_600epoches.pt,320,OK,39.97,43.691,50.691,103.61,25.796324965
imprassoc,osnet_x0_75_market1501.pt,yolov8x_runs_320p_600epoches.pt,320,OK,39.684,44.637,50.243,103.09,25.928298670
imprassoc,osnet_x0_5_market1501.pt,yolov8n_runs_512p_450epoches.pt,512,OK,41.065,45.018,52.984,106.84,25.018512630
imprassoc,osnet_x0_5_market1501.pt,yolov8s_runs_512p_450epoches.pt,512,OK,42.044,47.098,54.16,106.39,25.123264523
imprassoc,osnet_x0_5_market1501.pt,yolov8m_runs_512p_450epoches.pt,512,OK,42.818,49.087,54.419,104.99,25.459549021
imprassoc,osnet_x0_5_market1501.pt,yolov8l_runs_512p_450epoches.pt,512,OK,42.577,47.48,53.426,100.95,26.476356296
imprassoc,osnet_x0_5_market1501.pt,yolov8x_runs_512p_450epoches.pt,512,OK,43.816,49.397,55.272,105.75,25.275378181
imprassoc,osnet_x0_5_market1501.pt,yolov8n_runs_320p_600epoches.pt,320,OK,34.667,37.283,44.162,109.55,24.397922503
imprassoc,osnet_x0_5_market1501.pt,yolov8s_runs_320p_600epoches.pt,320,OK,38.042,42.023,49.265,108.62,24.607215867
imprassoc,osnet_x0_5_market1501.pt,yolov8m_runs_320p_600epoches.pt,320,OK,38.927,43.821,49.842,105.68,25.292049478
imprassoc,osnet_x0_5_market1501.pt,yolov8l_runs_320p_600epoches.pt,320,OK,39.985,43.709,50.62,103.58,25.803862063
imprassoc,osnet_x0_5_market1501.pt,yolov8x_runs_320p_600epoches.pt,320,OK,39.494,44.656,49.762,107.39,24.889910062
imprassoc,osnet_x0_25_market1501.pt,yolov8n_runs_512p_450epoches.pt,512,OK,41.309,45.027,53.112,105.85,25.251596744
imprassoc,osnet_x0_25_market1501.pt,yolov8s_runs_512p_450epoches.pt,512,OK,41.817,47.124,53.51,106.72,25.046613222
imprassoc,osnet_x0_25_market1501.pt,yolov8m_runs_512p_450epoches.pt,512,OK,42.811,49.048,54.295,104.96,25.466039969
imprassoc,osnet_x0_25_market1501.pt,yolov8l_runs_512p_450epoches.pt,512,OK,42.813,47.495,53.867,105.44,25.350902637
imprassoc,osnet_x0_25_market1501.pt,yolov8x_runs_512p_450epoches.pt,512,OK,43.691,49.423,55.13,105.79,25.264871717
imprassoc,osnet_x0_25_market1501.pt,yolov8n_runs_320p_600epoches.pt,320,OK,34.445,37.306,43.53,107.49,24.865225790
imprassoc,osnet_x0_25_market1501.pt,yolov8s_runs_320p_600epoches.pt,320,OK,38.411,42.067,49.791,107.28,24.915120394
imprassoc,osnet_x0_25_market1501.pt,yolov8m_runs_320p_600epoches.pt,320,OK,39.337,43.826,50.484,108.06,24.734269295
imprassoc,osnet_x0_25_market1501.pt,yolov8l_runs_320p_600epoches.pt,320,OK,39.651,43.696,50.138,106.07,25.198403863
imprassoc,osnet_x0_25_market1501.pt,yolov8x_runs_320p_600epoches.pt,320,OK,39.43,44.645,49.778,107.53,24.855921478
imprassoc,clip_market1501.pt,yolov8n_runs_512p_450epoches.pt,512,OK,41.564,45.175,53.598,60.32,44.311760256
imprassoc,clip_market1501.pt,yolov8s_runs_512p_450epoches.pt,512,OK,41.986,47.166,53.765,59.48,44.936167744
imprassoc,clip_market1501.pt,yolov8m_runs_512p_450epoches.pt,512,OK,43.653,49.1,56.084,57.65,46.365419637
imprassoc,clip_market1501.pt,yolov8l_runs_512p_450epoches.pt,512,OK,43.288,47.512,54.884,59.63,44.824243579
imprassoc,clip_market1501.pt,yolov8x_runs_512p_450epoches.pt,512,OK,44.112,49.454,55.999,59.04,45.267910415
imprassoc,clip_market1501.pt,yolov8n_runs_320p_600epoches.pt,320,OK,34.984,37.385,44.874,62.01,43.104241452
imprassoc,clip_market1501.pt,yolov8s_runs_320p_600epoches.pt,320,OK,38.409,42.125,49.493,61.72,43.306619288
imprassoc,clip_market1501.pt,yolov8m_runs_320p_600epoches.pt,320,OK,39.444,43.826,50.624,60.09,44.478858742
imprassoc,clip_market1501.pt,yolov8l_runs_320p_600epoches.pt,320,OK,40.221,43.75,51.189,60.62,44.090170573
imprassoc,clip_market1501.pt,yolov8x_runs_320p_600epoches.pt,320,OK,39.722,44.721,50.256,60.57,44.127973750
imprassoc,lmbn_n_market.pt,yolov8n_runs_512p_450epoches.pt,512,OK,41.04,44.914,52.699,75.83,35.245327042
imprassoc,lmbn_n_market.pt,yolov8s_runs_512p_450epoches.pt,512,OK,41.396,47.04,53.189,74.80,35.734608785
imprassoc,lmbn_n_market.pt,yolov8m_runs_512p_450epoches.pt,512,OK,42.891,49.004,54.431,75.26,35.515371740
imprassoc,lmbn_n_market.pt,yolov8l_runs_512p_450epoches.pt,512,OK,41.908,47.445,52.829,72.54,36.846549371
imprassoc,lmbn_n_market.pt,yolov8x_runs_512p_450epoches.pt,512,OK,43.239,49.378,54.768,73.75,36.239357630
imprassoc,lmbn_n_market.pt,yolov8n_runs_320p_600epoches.pt,320,OK,34.492,37.313,44.146,80.71,33.117821735
imprassoc,lmbn_n_market.pt,yolov8s_runs_320p_600epoches.pt,320,OK,37.919,42.017,49.106,76.91,34.753749896
imprassoc,lmbn_n_market.pt,yolov8m_runs_320p_600epoches.pt,320,OK,39.225,43.797,50.417,78.24,34.161550866
imprassoc,lmbn_n_market.pt,yolov8l_runs_320p_600epoches.pt,320,OK,39.606,43.644,50.202,77.17,34.637742662
imprassoc,lmbn_n_market.pt,yolov8x_runs_320p_600epoches.pt,320,OK,38.774,44.648,48.636,77.24,34.603725902
imprassoc,clip_market1501.pt,yolov8n_runs_512p_450epoches.pt,512,OK,41.564,45.175,53.598,58.77,45.478970651
imprassoc,clip_market1501.pt,yolov8s_runs_512p_450epoches.pt,512,OK,41.986,47.166,53.765,59.76,44.724051711
imprassoc,clip_market1501.pt,yolov8m_runs_512p_450epoches.pt,512,OK,43.653,49.1,56.084,58.88,45.390035519
imprassoc,clip_market1501.pt,yolov8l_runs_512p_450epoches.pt,512,OK,43.288,47.512,54.884,59.43,44.970502041
imprassoc,clip_market1501.pt,yolov8x_runs_512p_450epoches.pt,512,OK,44.112,49.454,55.999,57.73,46.295056740
imprassoc,clip_market1501.pt,yolov8n_runs_320p_600epoches.pt,320,OK,34.984,37.385,44.874,61.94,43.148416002
imprassoc,clip_market1501.pt,yolov8s_runs_320p_600epoches.pt,320,OK,38.409,42.125,49.493,61.17,43.691138868
imprassoc,clip_market1501.pt,yolov8m_runs_320p_600epoches.pt,320,OK,39.444,43.826,50.624,61.20,43.673237581
imprassoc,clip_market1501.pt,yolov8l_runs_320p_600epoches.pt,320,OK,40.221,43.75,51.189,60.54,44.146054948
imprassoc,clip_market1501.pt,yolov8x_runs_320p_600epoches.pt,320,OK,39.722,44.721,50.256,59.90,44.618243247
imprassoc,osnet_ibn_x1_0_msmt17.pt,yolov8n_runs_512p_450epoches.pt,512,OK,41.67,45.109,53.793,107.03,24.972474123
imprassoc,osnet_ibn_x1_0_msmt17.pt,yolov8s_runs_512p_450epoches.pt,512,OK,42.394,47.157,54.393,105.46,25.346041290
imprassoc,osnet_ibn_x1_0_msmt17.pt,yolov8m_runs_512p_450epoches.pt,512,OK,43.681,49.102,55.842,105.05,25.444887880
imprassoc,osnet_ibn_x1_0_msmt17.pt,yolov8l_runs_512p_450epoches.pt,512,OK,43.121,47.408,54.358,103.61,25.798322786
imprassoc,osnet_ibn_x1_0_msmt17.pt,yolov8x_runs_512p_450epoches.pt,512,OK,44.316,49.365,56.115,103.38,25.854597769
imprassoc,osnet_ibn_x1_0_msmt17.pt,yolov8n_runs_320p_600epoches.pt,320,OK,35.018,37.322,44.582,109.52,24.405151675
imprassoc,osnet_ibn_x1_0_msmt17.pt,yolov8s_runs_320p_600epoches.pt,320,OK,38.364,42.132,49.654,108.48,24.639918375
imprassoc,osnet_ibn_x1_0_msmt17.pt,yolov8m_runs_320p_600epoches.pt,320,OK,39.844,43.841,51.46,107.59,24.843564169
imprassoc,osnet_ibn_x1_0_msmt17.pt,yolov8l_runs_320p_600epoches.pt,320,OK,40.306,43.747,51.143,105.66,25.297679349
imprassoc,osnet_ibn_x1_0_msmt17.pt,yolov8x_runs_320p_600epoches.pt,320,OK,39.901,44.717,50.229,107.48,24.867986589
imprassoc,osnet_ain_x1_0_msmt17.pt,yolov8n_runs_512p_450epoches.pt,512,OK,41.822,45.101,53.932,107.15,24.944292780
imprassoc,osnet_ain_x1_0_msmt17.pt,yolov8s_runs_512p_450epoches.pt,512,OK,42.055,47.135,54.014,105.64,25.302474491
imprassoc,osnet_ain_x1_0_msmt17.pt,yolov8m_runs_512p_450epoches.pt,512,OK,43.442,49.139,55.421,99.91,26.753720393
imprassoc,osnet_ain_x1_0_msmt17.pt,yolov8l_runs_512p_450epoches.pt,512,OK,42.945,47.491,54.038,103.94,25.716201094
imprassoc,osnet_ain_x1_0_msmt17.pt,yolov8x_runs_512p_450epoches.pt,512,OK,44.254,49.421,56.178,104.98,25.460893226
imprassoc,osnet_ain_x1_0_msmt17.pt,yolov8n_runs_320p_600epoches.pt,320,OK,34.968,37.326,44.668,108.82,24.561397589
imprassoc,osnet_ain_x1_0_msmt17.pt,yolov8s_runs_320p_600epoches.pt,320,OK,38.486,42.186,49.83,108.53,24.628340150
imprassoc,osnet_ain_x1_0_msmt17.pt,yolov8m_runs_320p_600epoches.pt,320,OK,39.453,43.826,50.576,107.78,24.800217108
imprassoc,osnet_ain_x1_0_msmt17.pt,yolov8l_runs_320p_600epoches.pt,320,OK,40.268,43.741,51.113,107.26,24.919810819
imprassoc,osnet_ain_x1_0_msmt17.pt,yolov8x_runs_320p_600epoches.pt,320,OK,39.523,44.691,49.986,103.00,25.949678286
